site,trap,year,hab,frass peak day,cater peak day,cater model max,cater actual max,,,,,
SPW,1,2010,OK/HO,49.9,47.45280579,13801.83295,16769,,,,,
SPW,2,2010,OK/HO,53.3,49.90269669,9617.39127,15950,,,,, 
SPW,3,2010,OK/HO,51.4,48.84321653,13655.56077,20262,,,,,
SPW,4,2010,OK/HO,51.3,50.26171159,19984.33256,15186,,,,,
YARNER,12,2010,,57,52.10526316,287.4087053,653,,,,,
YARNER,37,2010,,,52.16450216,865.8550644,1252,,,,,
YARNER,27,2010,,61.8,57.86290323,598.6999078,1252,,,,,
YARNER,30,2010,,60.7,,,,,,,,
FAITHWAITE,,2010,OK,63.9,55.6442577,595.1319367,1097,,,,,
FAITHWAITE,,2010,OK,64.9,58.5609119,720.9559286,1227,,,,,
FAITHWAITE,,2010,OK+,64.9,56.95071869,959.2466178,1627,,,,,
SPW,1,2008,OK/HO,40.5,44.44528991,18342.35072,24302,,,,,
SPW,2,2008,OK/HO,45.6,46.8774395,16603.06999,16734,,,,,
SPW,3,2008,OK/HO,42.7,45.0822647,38437.30156,55400,,,,,
SPW,4,2008,OK/HO,44.4,45.63066777,64739.16304,78157,,,,,
SPW,1,2009,OK/HO,40.7,39.5954488,27205.88933,36791,,,,,
SPW,2,2009,OK/HO,38.7,40.80391575,14090.14375,21645,,,,,
SPW,3,2009,OK/HO,37.2,38.35324232,16451.13699,33026,,,,,
SPW,4,2009,OK/HO,40.2,39.05644715,20939.242,27762,,,,,
FAITHWAITE,1,2011,OK,39.6,42.30926989,496.7876821,344,,,,,
FAITHWAITE,2,2011,OK,42.9,45.25495751,391.6314053,423,,,,,
FAITHWAITE,3,2011,OK,45.3,46.40264026,233.5842683,296,,,,,
FAITHWAITE,4,2011,OK,37.7,41.70905392,266.3277168,284,,,,,
BLACKWOOD,1,2011,OK,31.7,39.30371049,595.8531405,667,,,,,
BLACKWOOD,2,2011,OK,38,,,1040,,,,,
BELTWOOD,1,2011,OK,41.1,41.52066487,353.3709209,405,,,,,
BELTWOOD,2,2011,OK,,41.36535348,656.8823901,409,,,,,
TROUGHBARROW,1,2011,AH/OK/HZ,30.5,41.08867428,808.5034119,1867,,,,,
TROUGHBARROW,2,2011,AH/OK/HZ,34.6,47.33702599,1126.454368,1231,,,,,
FAITHWAITE,1,2012,OK,60.7,60.41154791,197.6492896,991,,,,,
FAITHWAITE,2,2012,OK,57.8,56.46430579,520.7456758,422,,,,,
FAITHWAITE,3,2012,OK,60.5,60.18109541,269.7379071,804,,,,,
FAITHWAITE,4,2012,OK,63,62.07017544,240.121763,430,,,,,
BLACKWOOD,1,2012,OK,57.9,58.68161094,687.3626743,664,,,,,
BLACKWOOD,2,2012,OK,59.3,59.31372549,445.6392659,1393,,,,,
BELTWOOD,1,2012,OK,64.9,64.27818757,192.0180055,236,,,,,
BELTWOOD,2,2012,OK,61.6,60.24458701,265.4756587,421,,,,,
TROUGHBARROW,1,2012,AH/OK/HZ,49,42.85181237,323.7481101,488,,,,,
TROUGHBARROW,2,2012,AH/OK/HZ,53.4,46.59003831,313.4973059,514,,,,,
SPW,1,2011,OK/HO,31.1,29.91002172,13052.69644,17695,,,,,
SPW,2,2011,OK/HO,30,28.45388442,7855.400264,12377,,,,,
SPW,3,2011,OK/HO,28,,,15876,,,,,
SPW,4,2011,OK/HO,28,,,12163,,,,,
SPW,1,2012,OK/HO,52.3,51.17787641,820.8960186,3997,,,,,
SPW,2,2012,OK/HO,53.1,52.86516854,1109.243697,1167,,,,,
SPW,3,2012,OK/HO,57.1,55.58681672,1293.647544,1976,,,,,
SPW,4,2012,OK/HO,53.3,53.14102564,1414.875917,2250,,,,,
SPW,1,2013,OK/HO,65.3,63.26642838,1674.871775,3155,,,,,
SPW,2,2013,OK/HO,63.9,62.22926572,1341.836539,2412,,,,,
SPW,3,2013,OK/HO,68.7,66.99230929,1225.040219,5814,,,,,
SPW,4,2013,OK/HO,65.4,64.1925585,1665.821137,2845,,,,,
TRESWELL,1,2011,OK,34,34.57362288,364.5081368,469,,,,,
TRESWELL,2,2011,AH,,,,,,,,,
TRESWELL,3,2011,OK,30,34.00587409,789.782682,774,,,,,
TRESWELL,4,2011,AH,33,31.77083333,565.1543945,539,,,,,
TRESWELL,5,2011,OK,39.7,39.1509434,466.568439,375,,,,,
TRESWELL,6,2011,AH,,,,,,,,,
TRESWELL,1,2012,OK,50.9,49.52456418,112.0862097,200,,,,,
TRESWELL,2,2012,AH,52,52.50603055,40.37626802,91,,,,,
TRESWELL,3,2012,OK,51.2,49.38611877,409.3249014,364,,,,,
TRESWELL,4,2012,AH,,,,,,,,,
TRESWELL,5,2012,OK,58.7,,,,,,,,
TRESWELL,6,2012,AH,,,,,,,,,
DUNSFORD,1,2012,OK,61.8,62.61737089,124.7147327,193,,,,,
DUNSFORD,3,2012,OK,58.1,57.18232044,386.1790434,1062,,,,,
DUNSFORD,4,2012,OK,56.5,54.55309611,252.2251061,800,,,,,
DUNSFORD,5,2012,OK,60.4,60.1800554,113.8506695,290,,,,,
WHITE WOOD,1,2012,OK,48.6,52.67126584,91.15361183,136,,,,,
WHITE WOOD,2,2012,OK,57.5,60.63794804,124.5324749,188,,,,,
WHITE WOOD,3,2012,OK,54.7,49.09965214,244.7804094,105,,,,,
WHITE WOOD,4,2012,OK,60.5,59.50455005,85.57687684,94.1,,,,,
WHITE WOOD,5,2012,OK,58.5,52.6663483,91.71822158,146,,,,,
BRIDFORD,1,2012,OK,56.3,56.27473807,250.5578017,602,,,,,
BRIDFORD,2,2012,OK,55.6,51.61736246,319.9969971,504,,,,,
BRIDFORD,3,2012,OK,51.8,54.10610465,949.8405702,1081,,,,,
BRIDFORD,4,2012,OK,60.4,55.97100343,515.1078358,552,,,,,
YARNER,1,2011,OK,42.1,42.73167777,583.8892866,893,,,,,
YARNER,2,2011,OK,40.8,40.29138731,1455.372726,1941,,,,,
YARNER,3,2011,OK,40.7,41.48773006,576.9153963,715,,,,,
YARNER,4,2011,OK,42.6,44.40667491,1000.244998,1755,,,,,
YARNER,2,2012,OK,53,52.97106563,189.4441281,278,,,,,
YARNER,3,2012,OK,54.3,50.58675608,249.1230056,126,,,,,
YARNER,4,2012,OK,53.5,47.65650606,111.2274847,214,,,,,
YARNER,5,2012,OK,53,50.67967933,367.0862094,427,,,,,
YARNER,2,2013,OK,66.7,64.28571429,353.0037116,590,,,,,
YARNER,3,2013,OK,63.6,59.72313777,521.02991,826,,,,,
YARNER,4,2013,OK,67.3,62.6659857,503.0812744,416,,,,,
YARNER,5,2013,OK,65.8,60.07685739,440.996046,417,,,,,
NEADON,1,2013,OK,67.9,64.27022002,5746.695962,19395,,,,,
NEADON,2,2013,OK,70.4,65.93375214,4644.406517,14043,,,,,
NEADON,3,2013,OK,63.4,63.50143632,12095.7506,27695,,,,,
NEADON,4,2013,OK,69.3,64.20694129,5708.760853,11798,,,,,
TRESWELL,1,2013,OK,62.7,62.20951019,708.2080692,647,,,,,
TRESWELL,2,2013,AH,60,59.15303607,141.3793932,113,,,,,
TRESWELL,3,2013,OK,61.9,61.76183769,1150.289819,832,,,,,
TRESWELL,4,2013,AH,67.4,59.86842105,138.5917962,158,,,,,
TRESWELL,5,2013,OK,63.1,62.42228301,504.6009749,374,,,,,
TRESWELL,6,2013,AH,69,,,,,,,,
FAITHWAITE,1,2013,OK,73.8,72.76951673,643.0670982,628,,,,,
FAITHWAITE,2,2013,OK,73,71.61995054,965.1132633,850,,,,,
FAITHWAITE,3,2013,OK,78.1,80.04262957,361.0286284,427,,,,,
FAITHWAITE,4,2013,OK,76.4,76.63664704,600.6110318,369,,,,,
BLACKPOOL,1,2013,OK,67.60027663,66.3084922,155.722174,119,,,,,
BLACKPOOL,2,2013,OK,66.30622837,64.01734104,97.63840928,139,,,,,
BLACKPOOL,3,2013,OK,67.51075012,66.11185087,294.7754995,255,,,,,
DUNSFORD,1,2013,OK,71.7816092,72.03304957,677.2152938,1799,,,,,
DUNSFORD,2,2013,OK,70.35195103,65.82320812,1135.456556,1235,,,,,
DUNSFORD,3,2013,OK,69.14344685,66.30901288,1270.262106,1235,,,,,
DUNSFORD,4,2013,OK,67.03296703,62.44281793,5284.923637,4818,,,,,
DUNSFORD,5,2013,OK,67.75910364,67.02185055,645.6530864,724,,,,,
WHITE WOOD,3,2013,OK,68.64864865,69.55506,313.1548782,516,,,,,
WHITE WOOD,5,2013,OK,67.37588652,70.21575386,260.584878,516,,,,,
BRIDFORD,1,2013,OK,65.26104418,60.9462866,340.8563477,797,,,,,
BRIDFORD,2,2013,OK,65.02923977,60.01958225,1951.213481,1808,,,,,
BRIDFORD,3,2013,OK,68.5548071,65.95777709,245.4954485,705,,,,,
BRIDFORD,4,2013,OK,67.90556335,63.83090871,779.0361931,1763,,,,,
BRIDFORD,5,2013,OK,68.04867987,66.1245434,259.735524,460,,,,,
SPW,1,2014,OK/HO,41.32231405,39.16117784,1193.915869,1621,,,,,
SPW,2,2014,OK/HO,42.78492647,40.38802661,689.427682,992,,,,,
SPW,3,2014,OK/HO,43.26851159,42.45053957,1531.782804,2129,,,,,
SPW,4,2014,OK/HO,43.27804452,42.12827988,691.2264563,1282,,,,,
FAITHWAITE,1,2014,OK,59.1091954,54.39456809,594.6689736,513,,,,,
FAITHWAITE,2,2014,OK,61.73979985,60.39674106,646.3764054,684,,,,,
FAITHWAITE,3,2014,OK,60.80156403,56.52866242,354.8564057,415,,,,,
FAITHWAITE,4,2014,OK,57.6433121,57.05741627,571.2388459,727,,,,,
TRESWELL,1,2014,OK,46.00290698,,,94,,,,,
TRESWELL,3,2014,OK,44.00164339,,,376,,,,,
TRESWELL,5,2014,OK,46.18966977,,,446,,,,,
NAGSHEAD,1,2014,OK,53.0726257,46.23756219,242.631352,296,,,,,
NAGSHEAD,3,2014,OK,48.17170111,45.38461538,220.5564886,507,,,,,
NAGSHEAD,4,2014,OK,48.89855072,46.16562677,233.5372859,253,,,,,
NAGSHEAD,5,2014,OK,50.46121593,42.63774541,600.6219146,422,,,,,
NAGSHEAD,6,2014,OK,48.68095631,43.03355705,660.1198943,507,,,,,
YARNER,112,2014,OK,53.50553506,52.11111111,403.7474039,597,,,,,
YARNER,227,2014,OK,51.64301718,49.04458599,1166.806114,1195,,,,,
YARNER,237,2014,OK,57.87234043,53.9815818,381.3847241,689,,,,,
YARNER,334,2014,OK,58.48888889,51.96115765,313.5409308,489,,,,,
NEADON,1,2014,OK,54.86362539,53.88927019,7947.561765,16579,,,,,
NEADON,3,2014,OK,53.64554122,53.12442902,11785.60079,18041,,,,,
BVW,12,2014,OK,,,,5003,,,,,
BVW,18,2014,OK,52.79148674,52.18772916,8254.257483,10333,,,,,
SPW,1,2015,OK/HO,52.12154696,49.80525803,369.9911782,384,,,,,
SPW,2,2015,OK/HO,56.4171123,51.21999213,277.6742166,648,,,,,
SPW,3,2015,OK/HO,56.16302187,49.80058774,588.9467168,811,,,,,
SPW,4,2015,OK/HO,53.79330944,49.83690112,778.7188754,1203,,,,,
SPW,1,2016,OK/HO,49.55737705,50.71851226,296.2544655,297,,,,,
SPW,2,2016,OK/HO,52.07214121,51.45478962,87.40692845,198,,,,,
SPW,3,2016,OK/HO,52.60545906,52.04207921,414.261801,396,,,,,
SPW,4,2016,OK/HO,51.36363636,51.81018613,575.9934786,475,,,,,
SPW,1,2017,OK/HO,43.75324675,44.46026097,950.6560611,921,,,,,
SPW,2,2017,OK/HO,49.44444444,42.54901961,274.235938,360,,,,,
SPW,3,2017,OK/HO,47.02198853,39.45960699,287.411572,427,,,,,
SPW,4,2017,OK/HO,46.52406417,38.03754266,661.6297103,1228,,,,,
SPW,1,2018,OK/HO,46.04291487,48.46567542,3596.551618,5959,,,,,
SPW,2,2018,OK/HO,46.77765843,46.75107501,1479.840455,2041,,,,,
SPW,3,2018,OK/HO,48.85392032,49.04322227,2694.543846,6149,,,,,
SPW,4,2018,OK/HO,48.36715282,48.65386937,5798.018615,13084,,,,,
SPW,1,2019,OK/HO,40.15567766,39.44033791,23029.62442,26170,,,,,
SPW,2,2019,OK/HO,45.9385993,44.37200639,2878.353618,3958,,,,,
SPW,3,2019,OK/HO,43.84593107,42.66418835,11968.96175,17470,,,,,
SPW,4,2019,OK/HO,42.64268728,41.74528302,26454.44513,46729,,,,,
SPW,1,2020,OK/HO,36.78494953,35.46321526,25797.58525,31224,,,,,
SPW,2,2020,OK/HO,39.64525407,37.97592385,5600.428335,7186,,,,,
SPW,3,2020,OK/HO,38.16702241,36.85542169,32060.64415,66474,,,,,
SPW,4,2020,OK/HO,36.89564647,35.91237942,81287.4621,112962,,,,,
SPW,1,2021,OK/HO,56.79713805,54.58564932,34129.85969,47720,,,,,
SPW,2,2021,OK/HO,58.01903419,56.20327339,13131.42031,21578,,,,,
SPW,3,2021,OK/HO,56.18526191,55.02630041,36901.61759,56913,,,,,
SPW,4,2021,OK/HO,54.56467662,52.47816852,26886.98904,37807,,,,,
TRESWELL,1,2014,OK,,,,94.1,,,,,
TRESWELL,2,2014,AH,,,,47,,,,,
TRESWELL,3,2014,OK,,,,376,,,,,
TRESWELL,4,2014,AH,,,,100,,,,,
TRESWELL,5,2014,OK,,,,447,,,,,
TRESWELL,6,2014,AH,,,,0,,,,,
TRESWELL,1,2015,OK,53.58767054,56.76683235,46.07481523,153.7,,,,,
TRESWELL,3,2015,OK,52.80995281,58.22159492,346.7057226,277,,,,,
TRESWELL,5,2015,OK,53.07935255,60.99640934,858.5443427,287,,,,,
TRESWELL,2,2015,AH,,,,,,,,,
TRESWELL,4,2015,AH,,,,,,,,,
TRESWELL,6,2015,AH,,,,,,,,,
TRESWELL,1,2016,OK,53.01724138,60.65857886,196.4158252,260.2,,,,,
TRESWELL,3,2016,OK,52.49505929,51.8989899,177.7855557,199.4,,,,,
TRESWELL,5,2016,OK,57.29695431,53.1592521,279.3776116,243.7,,,,,
TRESWELL,2,2016,AH,,,,,,,,,
TRESWELL,4,2016,AH,,,,,,,,,
TRESWELL,6,2016,AH,,,,,,,,,
TRESWELL,1,2017,OK,,,,,,,,,
TRESWELL,3,2017,OK,,,,,,,,,
TRESWELL,5,2017,OK,,,,,,,,,
TRESWELL,2,2017,AH,48.92422825,,,,,,,,
TRESWELL,4,2017,AH,,,,,,,,,
TRESWELL,6,2017,AH,,,,,,,,,
TRESWELL,1,2018,OK,50.12862918,49.36739659,1658.078767,861,,,,,
TRESWELL,3,2018,OK,48.94884373,48.40564558,2569.184885,1963,,,,,
TRESWELL,5,2018,OK,46.05130785,45.65814784,235.7408026,327.1,,,,,
TRESWELL,2,2018,AH,50.05475594,49.8005698,1629.625338,430.5,,,,,
TRESWELL,4,2018,AH,52.59429048,51.28571429,266.3017329,268,,,,,
TRESWELL,6,2018,AH,50.27744149,51.34730539,308.7748206,151,,,,,
TRESWELL,1,2019,OK,41.27777778,47.56690998,164.5525426,128.3,,,,,
TRESWELL,3,2019,OK,46.7688287,45.5142453,729.2325173,1009,,,,,
TRESWELL,5,2019,OK,52.30118443,51.12474438,133.3628514,118,,,,,
TRESWELL,2,2019,AH,,,,,,,,,
TRESWELL,4,2019,AH,50.67631331,50.62843676,116.8701204,77,,,,,
TRESWELL,6,2019,AH,50.50724638,50.49603175,50.18440721,67.3,,,,,
TRESWELL,1,2021,OK,,67.55725191,88.43595573,195.3,,,,,
TRESWELL,3,2021,OK,64.77434679,63.01487414,275.7541943,306.9,,,,,
TRESWELL,5,2021,OK,,64.43585781,144.2871609,195.3,,,,,
TRESWELL,2,2021,AH,,,,,,,,,
TRESWELL,4,2021,AH,,,,,,,,,
TRESWELL,6,2021,AH,,,,,,,,,
FAITHWAITE,1,2015,OK,62.08944282,63.16484346,1055.73447,2904,,,,,
FAITHWAITE,2,2015,OK,62.42690058,64.95155363,877.5541448,3330,,,,,
FAITHWAITE,3,2015,OK,65.3281097,63.38398597,562.2151137,2028,,,,,
FAITHWAITE,4,2015,OK,65.20051746,61.94196429,574.4282643,1857,,,,,
FAITHWAITE,1,2015,BI,64.01477833,60.3267807,915.9868809,2092,,,,,
FAITHWAITE,2,2015,BI,60.51483421,60.45837724,430.1685948,1259,,,,,
FAITHWAITE,1,2015,ALD,67.40273396,,,,,,,,
FAITHWAITE,1,2016,OK,56.79012346,55.32144787,460.1752529,3777,,,,,
FAITHWAITE,2,2016,OK,58.40301003,58.14741598,925.164711,3940,,,,,
FAITHWAITE,3,2016,OK,57.77841561,56.8489714,596.8545549,2856,,,,,
FAITHWAITE,4,2016,OK,57.73104265,56.50903294,542.8277243,3777,,,,,
FAITHWAITE,1,2016,BI,58.73224619,58.25944171,288.0451981,1139,,,,,
FAITHWAITE,2,2016,BI,57.99915576,57.76960091,620.3499493,2097,,,,,
FAITHWAITE,1,2016,ALD,56.30162703,,,,,,,,
FAITHWAITE,1,2017,OK,49.97034401,47.07166709,1118.038275,4397,,,,,
FAITHWAITE,2,2017,OK,41.63354531,40.04112808,2030.911254,4106,,,,,
FAITHWAITE,3,2017,OK,42.96187683,42.74959463,1530.587125,3631,,,,,
FAITHWAITE,4,2017,OK,43.15913095,45.09036145,2548.154623,3722,,,,,
FAITHWAITE,1,2017,BI,42.74839744,40.56521739,550.3695711,1806,,,,,
FAITHWAITE,2,2017,BI,43.42857143,42.98315958,871.946289,1752,,,,,
FAITHWAITE,1,2017,ALD,43.96624473,,,,,,,,
FAITHWAITE,1,2018,OK,54.66777409,54.41554923,2031.090016,5812,,,,,
FAITHWAITE,2,2018,OK,53.16617085,53.22777101,1488.339461,2887,,,,,
FAITHWAITE,3,2018,OK,51.43745144,53.4131933,1915.601914,5435,,,,,
FAITHWAITE,4,2018,OK,50.17367812,51.92417062,1254.722565,5208,,,,,
FAITHWAITE,1,2018,BI,57.49312557,59.2609216,506.5072839,1547,,,,,
FAITHWAITE,2,2018,BI,50.46153846,49.3531586,766.0349387,4642,,,,,
FAITHWAITE,1,2018,ALD,56.62148071,,,,,,,,
FAITHWAITE,1,2019,OK,45.23348991,44.1813151,9216.414569,7894,,,,,
FAITHWAITE,2,2019,OK,43.45549738,41.91502215,5487.934749,9422,,,,,
FAITHWAITE,3,2019,OK,43.44365312,41.43119688,3320.157897,9367,,,,,
FAITHWAITE,4,2019,OK,42.98482293,40.63439329,5979.971071,9506,,,,,
FAITHWAITE,1,2019,BI,44.58695652,43.5840708,1548.031808,2418,,,,,
FAITHWAITE,2,2019,BI,44.59459459,44.04547095,2634.236735,2359,,,,,
FAITHWAITE,1,2019,ALD,45.42772861,,, ,,,,,
FAITHWAITE,1,2020,OK,,,,1417,,,,,
FAITHWAITE,2,2020,OK,,,,1186,,,,,
FAITHWAITE,3,2020,OK,44.54258675,,,868,,,,,
FAITHWAITE,4,2020,OK,38.51744186,,,1186,,,,,
FAITHWAITE,1,2020,BI,,,,,,,,,
FAITHWAITE,2,2020,BI,,,,,,,,,
FAITHWAITE,1,2020,ALD,,,,,,,,,
FAITHWAITE,1,2021,OK,60.73281796,59.84605516,1488.68696,1731,,,,,
FAITHWAITE,2,2021,OK,63.67743702,61.34672619,2550.039712,1973,,,,,
FAITHWAITE,3,2021,OK,59.60637301,59.16370107,1236.847613,1597,,,,,
FAITHWAITE,4,2021,OK,63.22001889,61.10701107,2103.150804,1664,,,,,
FAITHWAITE,1,2021,BI,62.27527686,60.55257099,960.7849202,791,,,,,
FAITHWAITE,2,2021,BI,,,,993,,,,,
FAITHWAITE,1,2021,ALD,59.1116917,,,,,,,,
FAITHWAITE,2,2021,ALD,59.31226525,,,,,,,,
MIDDLEWOOD,1,2014,OK,49.00875386,53.05589681,703.4059637,728,,,,,
MIDDLEWOOD,2,2014,OK,45.67613,49.20235097,500.0316781,1455,,,,,
MIDDLEWOOD,3,2014,OK,48.30292745,49.24426451,285.6641833,728,,,,,
MIDDLEWOOD,1,2015,OK,69.43796394,68.75,1082.435366,2701,,,,,
MIDDLEWOOD,2,2015,OK,60.81193041,63.403452,665.2404789,1993,,,,,
MIDDLEWOOD,3,2015,OK,63.25503356,63.68467671,819.4267088,2679,,,,,
MIDDLEWOOD,1,2016,OK,56.89655172,57.05685619,187.238764,3066,,,,,
MIDDLEWOOD,2,2016,OK,54.78114478,53.90563821,1443.332867,3313,,,,,
MIDDLEWOOD,3,2016,OK,61.73249902,60.97733711,344.8212628,2101,,,,,
MIDDLEWOOD,1,2017,OK,47.4564212,43.40075669,1131.991866,2355,,,,,
MIDDLEWOOD,2,2017,OK,46.44120248,44.25418569,1805.614747,3372,,,,,
MIDDLEWOOD,3,2017,OK,46.35817678,46.52046784,499.3138197,4917,,,,,
MIDDLEWOOD,1,2018,OK,53.1026253,56.41685736,1041.203647,2883,,,,,
MIDDLEWOOD,2,2018,OK,56.52278177,54.39698492,1779.267935,2533,,,,,
MIDDLEWOOD,3,2018,OK,56.70126354,54.95959333,1698.564582,2026,,,,,
MIDDLEWOOD,1,2019,OK,50,50.56620209,1120.770615,3882,,,,,
MIDDLEWOOD,2,2019,OK,48.60947904,48.02306425,1566.307335,5490,,,,,
MIDDLEWOOD,3,2019,OK,50.92661231,51.65165165,14847.30392,4902,,,,,
MIDDLEWOOD,4,2019,OK,48.76832845,49.94345491,340.5466162,3068,,,,,
MIDDLEWOOD,1,2020,OK,,,,1562,,,,,
MIDDLEWOOD,2,2020,OK,,,,1302,,,,,
MIDDLEWOOD,3,2020,OK,,,,2806,,,,,
MIDDLEWOOD,4,2020,OK,,,,1736,,,,,
MIDDLEWOOD,1,2021,OK,,,,2093,,,,,
MIDDLEWOOD,2,2021,OK,,60.58762428,2312.841379,3851,,,,,
MIDDLEWOOD,3,2021,OK,,57.03948069,1620.146391,3650,,,,,
MIDDLEWOOD,4,2021,OK,,62.00172377,1280.8649,1717,,,,,
TROUGHBARROW,1,2013,AH,68.88888889,,,,,,,,
TROUGHBARROW,2,2013,SYC,67.7294686,,,,,,,,
TROUGHBARROW,1,2014,OK,50.94882116,51.05191464,128.068446,209,,,,,
TROUGHBARROW,2,2014,OK,46.74374705,46.91383596,268.6912207,239,,,,,
TROUGHBARROW,1,2014,AH,45.36494406,48.2725218,437.0349804,509,,,,,
TROUGHBARROW,1,2014,SYC,,,, ,,,,,
TROUGHBARROW,1,2015,OK,66.57212318,63.42050929,330.6498107,818,,,,,
TROUGHBARROW,2,2015,OK,70.00567537,67.82464847,92.77050001,384,,,,,
TROUGHBARROW,1,2015,AH,58.74097835,66.54028436,61.15659618,109,,,,,
TROUGHBARROW,1,2015,SYC,,,,,,,,,
TROUGHBARROW,1,2016,OK,57.89746245,58.48348348,496.1396092,215,,,,,
TROUGHBARROW,2,2016,OK,56.46862854,52.44828241,317.1549764,269,,,,,
TROUGHBARROW,1,2016,AH,65.11727079,62.66012537,58.02038965,186,,,,,
TROUGHBARROW,1,2016,SYC,59.03321033,,,,,,,,
TROUGHBARROW,1,2017,OK,43.54723282,42.87461774,107.3449742,189,,,,,
TROUGHBARROW,2,2017,OK,43.66910523,42.71907216,1120.256711,321,,,,,
TROUGHBARROW,1,2017,AH,,,,,,,,,
TROUGHBARROW,1,2017,SYC,39.43404635,,,,,,,,
TROUGHBARROW,1,2018,OK,59.06803355,58.86397423,413.3108278,215,,,,,
TROUGHBARROW,2,2018,OK,58.42105263,58.23475887,132.339358,254,,,,,
TROUGHBARROW,3,2018,OK,59.90956072,60.4983153,557.0754072,1430,,,,,
TROUGHBARROW,1,2018,AH,58.58698342,58.50952167,154.1544953,148,,,,,
TROUGHBARROW,2,2018,AH,58.71158152,58.6188719,263.6047209,339,,,,,
TROUGHBARROW,1,2018,SYC,60.18722467,58.62168397,175.007077,127,,,,,
TROUGHBARROW,2,2018,SYC,58.68087035,58.55626327,170.6935876,134,,,,,
TROUGHBARROW,1,2019,OK,42.37160121,41.84620484,580.8447215,645,,,,,
TROUGHBARROW,2,2019,OK,47.5611413,46.16141732,655.449242,719,,,,,
TROUGHBARROW,3,2019,OK,40.95982143,39.77060798,1933.696916,1436,,,,,
TROUGHBARROW,1,2019,AH,51.89423077,44.51858913,761.7867302,392,,,,,
TROUGHBARROW,2,2019,AH,47.03187251,46.66370896,259.1251694,497,,,,,
TROUGHBARROW,1,2019,SYC,46.24861573,45.82964742,233.0562315,276,,,,,
TROUGHBARROW,2,2019,SYC,45.27216611,43.99559887,195.7907885,184,,,,,
TROUGHBARROW,1,2020,OK,41.19164907,41.35280553,1412.297511,588,,,,,
TROUGHBARROW,2,2020,OK,36.27034678,39.93416055,517.0912573,672,,,,,
TROUGHBARROW,3,2020,OK,,37.60757315,1020.226684,1205,,,,,
TROUGHBARROW,1,2020,AH,,,,199,,,,,
TROUGHBARROW,2,2020,AH,45.05148741,45.11343805,209.4299215,196,,,,,
TROUGHBARROW,1,2020,SYC,,41.09554777,327.4700329,224,,,,,
TROUGHBARROW,2,2020,SYC,,39.85004951,620.3262686,448,,,,,
TROUGHBARROW,1,2021,OK,,,,,,,,,
TROUGHBARROW,2,2021,OK,,,,,,,,,
TROUGHBARROW,3,2021,OK,,,,,,,,,
TROUGHBARROW,1,2021,AH,,,,,,,,,
TROUGHBARROW,2,2021,AH,,,,,,,,,
TROUGHBARROW,1,2021,SYC,63.01958911,,,,,,,,
TROUGHBARROW,2,2021,SYC,68.81017882,,,,,,,,
YARNER,112,2016,OK,52.98651252,53.73540856,214.6243102,257,,,,,
YARNER,227,2016,OK,59.44919278,57.24381625,253.9734368,309,,,,,
YARNER,242,2016,OK,57.43349933,57.18584716,111.7686902,360,,,,,
YARNER,334,2016,OK,56.90806045,55.66525623,334.8309454,309,,,,,
YARNER,112,2017,OK,50.73394495,50.63195147,171.9439591,209,,,,,
YARNER,227,2017,OK,53.85208012,53.87764933,330.6124266,365,,,,,
YARNER,242,2017,OK,52.42669363,52.38095238,389.4231987,313,,,,,
YARNER,334,2017,OK,51.95570217,52.24301842,496.9553329,417,,,,,
YARNER,112,2018,OK,52.15379706,49.49728418,255.259244,410,,,,,
YARNER,227,2018,OK,50.90909091,53.68039664,337.4349689,590,,,,,
YARNER,242,2018,OK,47.33814053,55.67246112,161.6313115,144,,,,,
YARNER,334,2018,OK,52.99717913,52.37620472,279.0878723,531,,,,,
YARNER,112,2019,OK,47.97475785,47.02855246,446.8998389,322,,,,,
YARNER,227,2019,OK,48.03685897,47.10860367,559.4456616,645,,,,,
YARNER,242,2019,OK,52.28,49.22115385,248.5775705,451,,,,,
YARNER,334,2019,OK,47.28544009,46.64006385,609.6721227,516,,,,,
YARNER,112,2021,OK,66.01417754,65.84758238,464.912425,397,,,,,
YARNER,227,2021,OK,65.92552176,65.72978304,700.9740777,634,,,,,
YARNER,242,2021,OK,65.61721561,64.75620188,444.0881579,307,,,,,
YARNER,334,2021,OK,65.54193856,65.49326859,360.8947247,372,,,,,
NEADON,3,2015,OK,57.59158752,57.88368934,10503.97671,16778,,,,,
NEADON,10,2015,OK,54.01962336,53.27534493,8963.435943,12568,,,,,
NEADON,3,2016,OK,61.60238653,60.82713755,1832.944379,3035,,,,,
NEADON,10,2016,OK,58.91419596,58.75107419,844.1147593,1335,,,,,
NEADON,3,2017,OK,57.70013569,56.91489362,295.1934343,1147,,,,,
NEADON,10,2017,OK,50.38167939,52.99073294,242.4119784,934,,,,,
NEADON,3,2018,OK,61.00763359,59.36135998,923.936609,1440,,,,,
NEADON,10,2018,OK,57.17795343,56.58847879,898.1739395,1707,,,,,
NEADON,3,2019,OK,52.7197883,52.2053756,1585.166445,2146,,,,,
NEADON,10,2019,OK,51.5182783,51.12051223,1223.264242,1395,,,,,
NEADON,3,2020,OK,49.41668501,49.40941305,2402.258553,2571,,,,,
NEADON,10,2020,OK,47.99764429,47.23177723,1366.968535,1588,,,,,
NEADON,3,2021,OK,67.62899263,67.42773591,2394.030589,1709,,,,,
NEADON,10,2021,OK,68.02990325,68.23582664,799.7250365,518,,,,,
NAGSHEAD,1,2015,OK,51.88488724,50.74573009,556.8339361,710,,,,,
NAGSHEAD,2,2015,OK,,49.31102362,215.4565472,271,,,,,
NAGSHEAD,3,2015,OK,57.80228758,56.69161677,162.2085025,271,,,,,
NAGSHEAD,4,2015,OK,52.89955126,52.85134351,321.1736134,426,,,,,
NAGSHEAD,5,2015,OK,52.36581921,52.52444004,282.6464227,217,,,,,
NAGSHEAD,6,2015,OK,54.84592445,53.23289391,362.7198906,379,,,,,
NAGSHEAD,1,2016,OK,56.01305549,55.4485808,283.7127575,331,,,,,
NAGSHEAD,2,2016,OK,57.63067531,56.97190427,167.3245306,144,,,,,
NAGSHEAD,3,2016,OK,58.21764442,57.91528239,66.08721927,142,,,,,
NAGSHEAD,4,2016,OK,60.67193676,59.91596639,61.3926374,94.5,,,,,
NAGSHEAD,5,2016,OK,60.71179344,60.40396341,143.7857456,108,,,,,
NAGSHEAD,6,2016,OK,60.96021729,60.52848885,127.3551138,142,,,,,
NAGSHEAD,1,2017,OK,41.82161143,40.55198798,416.7593981,323,,,,,
NAGSHEAD,2,2017,OK,42.9505814,41.90338493,414.9124018,813,,,,,
NAGSHEAD,3,2017,OK,44.48424069,43.67833665,216.9076731,209,,,,,
NAGSHEAD,4,2017,OK,40.67749931,40.13666483,283.7777002,161,,,,,
NAGSHEAD,5,2017,OK,42.35042735,41.85572266,235.9133179,444,,,,,
NAGSHEAD,6,2017,OK,43.9780637,43.4678045,204.1311114,282,,,,,
NAGSHEAD,1,2018,OK,54.73044397,50.24972253,130.570972,135,,,,,
NAGSHEAD,2,2018,OK,51.6489179,49.18681789,220.7778984,471,,,,,
NAGSHEAD,3,2018,OK,43.38624339,44.61165668,196.146585,136,,,,,
NAGSHEAD,4,2018,OK,47.1546864,46.63382594,530.8238393,248,,,,,
NAGSHEAD,5,2018,OK,50.76450307,50.09009009,433.6367522,269,,,,,
NAGSHEAD,6,2018,OK,49.49591935,48.21043553,520.7788979,438,,,,,
NAGSHEAD,1,2019,OK,42.95175024,43.78766806,285.7490764,918,,,,,
NAGSHEAD,2,2019,OK,42.19451372,41.4664118,1038.208232,3273,,,,,
NAGSHEAD,3,2019,OK,43.24667089,41.54466687,334.1558944,290,,,,,
NAGSHEAD,4,2019,OK,41.37529138,40.32446653,549.1372241,676,,,,,
NAGSHEAD,5,2019,OK,40.53970223,40.14794889,442.2740552,628,,,,,
NAGSHEAD,6,2019,OK,42.86094832,41.50866739,370.0978899,408,,,,,
NAGSHEAD,1,2021,OK,63.28396205,61.24615221,413.132598,264,,,,,
NAGSHEAD,2,2021,OK,63.6885769,61.62213539,541.3071156,441,,,,,
NAGSHEAD,3,2021,OK,61.99038462,61.18444524,222.2078648,352,,,,,
NAGSHEAD,4,2021,OK,63.68934348,62.82347505,177.8383309,176,,,,,
NAGSHEAD,5,2021,OK,65.72402044,65.56491967,120.2399742,206,,,,,
NAGSHEAD,6,2021,OK,63.27122517,62.66367377,596.1790046,426,,,,,
SLINDON,1,2018,OK,51.28249567,49.68190386,1617.420198,1832,,,,,
SLINDON,2,2018,OK,50.52380952,49.19014866,2441.453169,2288,,,,,
SLINDON,3,2018,OK,49.14460943,48.20507068,1585.851395,2768,,,,,
SLINDON,4,2018,OK,48.85163068,46.72036824,459.7780893,892,,,,,
SLINDON,5,2018,BE,,43.92103206,178.2599477,206,,,,,
SLINDON,6,2018,BE,43.03267244,42.31360492,267.3571578,229,,,,,
SLINDON,7,2018,BE,50.49295775,50.53247024,321.3956562,686,,,,,
SLINDON,8,2018,BE,43.55847405,,,,,,,,
SLINDON,1,2019,OK,40.70912672,41.84439179,723.1022322,984,,,,,
SLINDON,2,2019,OK,39.49801849,38.40665874,2619.770594,2576,,,,,
SLINDON,3,2019,OK,41.72069825,42.38914626,1924.67839,1541,,,,,
SLINDON,4,2019,OK,33.10055866,32.2077185,203.3759484,309,,,,,
SLINDON,5,2019,BE,46.23499454,40.37629038,245.4364315,426,,,,,
SLINDON,6,2019,BE,39.40155322,38.43622333,335.2247388,525,,,,,
SLINDON,7,2019,BE,40.98534202,43.92865057,118.4470993,361,,,,,
SLINDON,8,2019,BE,40.50719671,40.11741683,205.5146295,197,,,,,
SLINDON,1,2020,OK,29.12541254,29.4043492,1552.170098,1833,,,,,
SLINDON,2,2020,OK,32.74143302,32.3378213,813.8696718,677,,,,,
SLINDON,3,2020,OK,31.57894737,31.31094258,1117.461707,1480,,,,,
SLINDON,5,2020,BE,35.08906972,,,54.2,,,,,
SLINDON,1,2021,OK,59.15068493,54.98960499,551.8468037,1482,,,,,
SLINDON,2,2021,OK,58.53307766,56.23706769,1212.373024,2170,,,,,
SLINDON,3,2021,OK,61.05263158,55.58678848,343.6090152,794,,,,,
SLINDON,4,2021,OK,58.29235583,54.98960499,503.8925736,1508,,,,,
SLINDON,5,2021,BE,61.10218978,61.14996115,135.7133143,132,,,,,
SLINDON,6,2021,BE,59.114415,58.09631545,104.8435474,132,,,,,
SLINDON,7,2021,BE,62.80113368,62.00047858,145.1757681,159,,,,,
SLINDON,8,2021,BE,52.72373541,,,110,,,,,
NEADON,3,2022,OK,55.57921635,52.86126473,789.3918316,626,,,,,
NEADON,10,2022,OK,50.26102088,51.68282176,370.3655766,631,,,,,
YARNER,112,2022,OK,45.98166127,42.92997961,132.0215132,189,,,,,
YARNER,227,2022,OK,50.25100402,48.97435897,212.4809982,407,,,,,
YARNER,242,2022,OK,49.38440492,50.0744879,130.6581362,94.4,,,,,
YARNER,334,2022,OK,47.81518625,,,220,,,,,
SLINDON,1,2022,OK,37.60330579,36.28472222,735.1170127,1127,,,,,
SLINDON,2,2022,OK,36.8226601,35.30052265,846.8697709,1423,,,,,
SLINDON,3,2022,OK,41.12698779,34.34316354,603.3292917,1311,,,,,
SLINDON,4,2022,OK,39.79634248,38.6958387,515.6038282,1072,,,,,
SLINDON,5,2022,BE,42.73789649,43.20058997,87.40659371,66,,,,,
SLINDON,6,2022,BE,40.31680441,40.05598114,227.2859525,203,,,,,
SLINDON,7,2022,BE,39.61038961,40.75,160.4708811,129,,,,,
SLINDON,8,2022,BE,,,,111,,,,,
NAGSHEAD,1,2022,OK,50.2025463,49.25373134,321.5228637,345,,,,,
NAGSHEAD,2,2022,OK,49.37106918,45.15728477,671.1229812,382,,,,,
NAGSHEAD,3,2022,OK,49.87608426,44.88230166,190.6082409,153,,,,,
NAGSHEAD,4,2022,OK,50.9051412,,,203,,,,,
NAGSHEAD,5,2022,OK,48.87990044,42.68149257,519.2779128,261,,,,,
NAGSHEAD,6,2022,OK,48.4565394,47.01611299,364.2331199,359,,,,,
SPW,1,2022,OK/HO,39.59308606,38.249694,12413.87738,23836,,,,,
SPW,2,2022,OK/HO,37.81038375,36.13967438,13450.58028,28925,,,,,
SPW,3,2022,OK/HO,39.03462749,37.66310795,20415.82009,42455,,,,,
SPW,4,2022,OK/HO,37.04278813,35.44180615,30474.50877,48740,,,,,
TRESWELL,1,2022,OK,,,,,,,,,
TRESWELL,3,2022,OK,,,,,,,,,
TRESWELL,5,2022,OK,,,,,,,,,
TRESWELL,2,2022,AH,,,,,,,,,
TRESWELL,4,2022,AH,,,,,,,,,
TRESWELL,6,2022,AH,,,,,,,,,
FAITHWAITE,1,2022,OK,50.09765625,50.13513514,303.5595198,271,,,,,
FAITHWAITE,2,2022,OK,52.97787862,55.10238335,335.1336213,901,,,,,
FAITHWAITE,3,2022,OK,48.49899933,50.0906454,317.8412744,615,,,,,
FAITHWAITE,4,2022,OK,51.8533123,52.7340824,693.0521462,540,,,,,
FAITHWAITE,1,2022,BI,47.91792396,47.39233505,664.566105,504,,,,,
FAITHWAITE,2,2022,BI,45.01044932,43.64660971,275.9355375,721,,,,,
FAITHWAITE,1,2022,ALD,,,,,,,,,
FAITHWAITE,2,2022,ALD,48.13631523,,,,,,,,
TROUGHBARROW,1,2022,OK,,58.58328015,44.16681749,51.7,,,,,
TROUGHBARROW,2,2022,OK,48.25769854,54.82703138,74.44242933,82.1,,,,,
TROUGHBARROW,3,2022,OK,39.13922588,47.67164179,123.6599393,186,,,,,
TROUGHBARROW,1,2022,AH,,,,22,,,,,
TROUGHBARROW,2,2022,AH,44.4982613,44.46484201,57.33208719,61.7,,,,,
TROUGHBARROW,1,2022,SYC,,,,138,,,,,
TROUGHBARROW,2,2022,SYC,47.60237069,47.79706275,44.75498957,46.3,,,,,
MIDDLEWOOD,1,2022,OK,49.68553459,48.12877264,495.6464037,563,,,,,
MIDDLEWOOD,2,2022,OK,52.38738739,51.53313551,547.8662875,481,,,,,
MIDDLEWOOD,3,2022,OK,52.11827008,53.23846909,270.1723154,405,,,,,
MIDDLEWOOD,4,2022,OK,48.74857793,49.95429616,619.2541487,765,,,,,
NEADON,3,2023,OK,55.33104041,55.06883605,3602.286837,1615,,,,,
NEADON,10,2023,OK,56.6470203,56.62768031,1222.397289,703,,,,,
YARNER,112,2023,OK,53.48140314,53.52921865,331.8821026,273,,,,,
YARNER,227,2023,OK,54.33199584,54.14230019,504.6725707,477,,,,,
YARNER,242,2023,OK,53.7118223,52.63951735,523.9944781,443,,,,,
YARNER,334,2023,OK,53.72200772,53.70574667,557.6228737,352,,,,,
SLINDON,1,2023,OK,50.82035306,45.19725557,2108.639793,3146,,,,,
SLINDON,2,2023,OK,52.74812179,49.40828402,983.2612492,2031,,,,,
SLINDON,3,2023,OK,49.36421435,47.41100324,1651.78208,2430,,,,,
SLINDON,4,2023,OK,49.65243297,47.51648352,1682.310284,2863,,,,,
SLINDON,5,2023,BE,55.24515393,54.02215098,170.0194891,183,,,,,
SLINDON,6,2023,BE,50.80385852,51.24050633,118.2357492,233,,,,,
SLINDON,7,2023,BE,52.09424084,52.10231254,209.8027639,266,,,,,
SLINDON,8,2023,BE,48.98316971,48.34424336,146.6172476,233,,,,,
NAGSHEAD,1,2023,OK,57.084213,57.0500547,507.4457132,305,,,,,
NAGSHEAD,2,2023,OK,59.80798193,58.69256277,399.1108601,617,,,,,
NAGSHEAD,3,2023,OK,58.59302684,57.92087542,411.8493115,472,,,,,
NAGSHEAD,4,2023,OK,56.71468999,56.28053036,527.3080389,558,,,,,
NAGSHEAD,5,2023,OK,57.5017325,56.70535139,223.3915397,529,,,,,
NAGSHEAD,6,2023,OK,60.43138713,59.93333333,458.1726142,382,,,,,
SPW,1,2023,OK/HO,49.69560614,48.91190351,19350.73885,45756,,,,,
SPW,2,2023,OK/HO,50.57018735,49.41921859,13602.90639,25070,,,,,
SPW,3,2023,OK/HO,50.9487666,50.6465884,25703.98154,35980,,,,,
SPW,4,2023,OK/HO,49.73793405,48.95877603,19155.29761,32254,,,,,
TRESWELL,1,2023,OK,59.65133906,58.34976063,362.4048388,233,,,,,
TRESWELL,5,2023,OK,56.34955752,56.24681285,221.518898,164,,,,,
TRESWELL,2,2023,AH,57.83929446,57.30281164,349.9276084,188,,,,,
TRESWELL,6,2023,AH,55.85729499,55.92180365,124.8880929,145,,,,,
FAITHWAITE,1,2023,OK,51.85321101,50.04911591,1688.029152,3982,,,,,
FAITHWAITE,2,2023,OK,53.83536015,53.44214968,3033.470541,5574,,,,,
FAITHWAITE,3,2023,OK,54.27942102,53.76620474,2975.475879,2777,,,,,
FAITHWAITE,4,2023,OK,51.30813953,49.45337621,1567.970362,2913,,,,,
FAITHWAITE,1,2023,BI,51.50958257,51.19394823,2594.079028,4059,,,,,
FAITHWAITE,2,2023,BI,55.07011866,55.70836473,1619.408014,1088,,,,,
FAITHWAITE,1,2023,ALD,54.21816228,,,,,,,,
FAITHWAITE,2,2023,ALD,56.03963084,,,,,,,,
TROUGHBARROW,1,2023,OK,51.75666884,50.61670933,616.592803,625,,,,,
TROUGHBARROW,2,2023,OK,51.87476565,51.3844024,560.0380641,488,,,,,
TROUGHBARROW,3,2023,OK,51.51166139,51.22187742,1563.53569,1405,,,,,
TROUGHBARROW,1,2023,AH,57.15890851,52.6734104,62.78716807,58.5,,,,,
TROUGHBARROW,2,2023,AH,57.24226804,56.52585973,205.6711235,156,,,,,
TROUGHBARROW,1,2023,SYC,53.7995338,55.02529899,142.0311501,157,,,,,
TROUGHBARROW,2,2023,SYC,55.24369017,54.69820915,144.5137953,110,,,,,
MIDDLEWOOD,1,2023,OK,52.3546606,50.69836553,4169.388518,6527,,,,,
MIDDLEWOOD,2,2023,OK,50.87099217,49.1827957,5819.341358,6635,,,,,
MIDDLEWOOD,3,2023,OK,51.41879909,50.13847219,6416.583511,13355,,,,,
MIDDLEWOOD,4,2023,OK,50.81247255,49.38341871,9885.842332,20463,,,,,
NEADON,2,2012,OK,61.6,62.75050828,1131.918003,3411,,,,,
NEADON,3,2012,OK,57.5,53.59673025,1389.774427,10771,,,,,
NEADON,4,2012,OK,60.3,60.75026051,1903.419519,4727,,,,,
