"year","site","mean_tasmin_April","mean_tasmin_May","mean_tasmin_June","mean_tasmax_April","mean_tasmax_May","mean_tasmax_June","tasmean_April","tasmean_May","tasmean_June","tasmean_AprMay"
"2008","BELTWOOD",3.94239755913625,8.39870777595453,9.37529995764134,11.138535498755,17.5782264638712,16.8825759745772,7.54046652894562,12.9884671199129,13.1289379661093,10.2644668244292
"2008","BLACKPOOL",3.73237848245045,8.83122017474944,9.45946712275292,11.8860748229376,16.6625820599245,18.3657432812318,7.80922665269403,12.7469011173369,13.9126052019924,10.2780638850155
"2008","BLACKWOOD",3.94239755913625,8.39870777595453,9.37529995764134,11.138535498755,17.5782264638712,16.8825759745772,7.54046652894562,12.9884671199129,13.1289379661093,10.2644668244292
"2008","BRIDFORD",3.45120431363935,9.2154123707746,9.80796290577742,12.3382256410373,17.0904693241064,18.6334748938952,7.8947149773383,13.1529408474405,14.2207188998363,10.5238279123894
"2008","BVW",3.92411749454195,8.91892102844087,9.4079527774215,11.8963000787105,16.4701576555043,18.197323712959,7.91020878662622,12.6945393419726,13.8026382451902,10.3023740642994
"2008","DUNSFORD",3.34895299735575,8.67906701712888,9.26491554809874,11.4855778982265,16.4689570338218,17.724162566709,7.41726544779112,12.5740120254754,13.4945390574039,9.99563873663324
"2008","FAITHWAITE",3.94239755913625,8.39870777595453,9.37529995764134,11.138535498755,17.5782264638712,16.8825759745772,7.54046652894562,12.9884671199129,13.1289379661093,10.2644668244292
"2008","MIDDLEWOOD",3.72148514746475,8.06769735227759,9.12413493803853,10.9993456313831,17.3732364488321,16.7832501407178,7.36041538942394,12.7204669005548,12.9536925393782,10.0404411449894
"2008","NAGSHEAD",3.61850160626442,8.77473107227377,9.72437165533466,12.4811438358352,17.939968295758,18.8263879169841,8.04982272104982,13.3573496840159,14.2753797861594,10.7035862025329
"2008","NEADON",3.92411749454195,8.91892102844087,9.4079527774215,11.8963000787105,16.4701576555043,18.197323712959,7.91020878662622,12.6945393419726,13.8026382451902,10.3023740642994
"2008","SLINDON",3.3343785909153,8.42254442916874,9.53807094862474,12.567730239521,19.0645312819871,19.3634364986712,7.95105441521817,13.7435378555779,14.450753723648,10.8472961353981
"2008","SPW",3.5869456167967,8.35358259435805,9.90203193497267,12.8294824211503,18.5979230907473,19.4661640707321,8.2082140189735,13.4757528425527,14.6840980028524,10.8419834307631
"2008","TRESWELL",2.9827028271396,7.29803045577503,9.31071465287341,12.4408159080743,18.13970139741,19.7628053616317,7.71175936760695,12.7188659265925,14.5367600072525,10.2153126470997
"2008","TROUGHBARROW",3.81922696114193,8.15948299577154,9.10391404443761,11.3887539477742,17.86695811662,17.11103888817,7.60399045445806,13.0132205561957,13.1074764663038,10.3086055053269
"2008","WHITEWOOD",3.73237848245045,8.83122017474944,9.45946712275292,11.8860748229376,16.6625820599245,18.3657432812318,7.80922665269403,12.7469011173369,13.9126052019924,10.2780638850155
"2008","YARNER",3.92411749454195,8.91892102844087,9.4079527774215,11.8963000787105,16.4701576555043,18.197323712959,7.91020878662622,12.6945393419726,13.8026382451902,10.3023740642994
"2009","BELTWOOD",4.90195898967404,7.21917485002436,9.84046903336752,13.9731402042565,15.2181809153476,18.9023035641751,9.43754959696525,11.218677882686,14.3713862987713,10.3281137398256
"2009","BLACKPOOL",4.9137850495795,7.21444217690186,9.77001758422028,13.4659778535255,15.3090764177769,19.2654210739914,9.18988145155251,11.2617592973394,14.5177193291058,10.225820374446
"2009","BLACKWOOD",4.90195898967404,7.21917485002436,9.84046903336752,13.9731402042565,15.2181809153476,18.9023035641751,9.43754959696525,11.218677882686,14.3713862987713,10.3281137398256
"2009","BRIDFORD",4.59864021754547,7.58290909537864,10.3074276490525,13.7971427984902,15.7549669278782,19.5940207612112,9.19789150801786,11.6689380116284,14.9507242051319,10.4334147598231
"2009","BVW",5.16990894320852,7.42191810275612,10.0434365216509,13.4575488188762,15.4032556283768,19.261750092368,9.31372888104238,11.4125868655665,14.6525933070095,10.3631578733044
"2009","DUNSFORD",4.49304307454521,7.01830589934473,9.84453826813163,13.0809894921655,14.9079847914657,18.8381605874027,8.78701628335537,10.9631453454052,14.3413494277672,9.87508081438029
"2009","FAITHWAITE",4.90195898967404,7.21917485002436,9.84046903336752,13.9731402042565,15.2181809153476,18.9023035641751,9.43754959696525,11.218677882686,14.3713862987713,10.3281137398256
"2009","MIDDLEWOOD",4.69570235332242,6.9531273715001,9.55134796691441,13.8588271507171,15.0913276744745,18.7170271505592,9.27726475201973,11.0222275229873,14.1341875587368,10.1497461375035
"2009","NAGSHEAD",4.80965407106119,7.17190494455854,9.86456752278415,14.3451412086631,16.6870477499859,20.1674218593426,9.57739763986214,11.9294763472722,15.0159946910634,10.7534369935672
"2009","NEADON",5.16990894320852,7.42191810275612,10.0434365216509,13.4575488188762,15.4032556283768,19.261750092368,9.31372888104238,11.4125868655665,14.6525933070095,10.3631578733044
"2009","SLINDON",5.09507827428814,7.25943674582474,9.31696894778685,14.3892063222804,16.914488238662,20.4230271925623,9.74214229828428,12.0869624922434,14.8699980701746,10.9145523952638
"2009","SPW",5.09900263477011,7.37063981645159,9.78321396085579,15.2873818511642,17.747472204058,20.594206471335,10.1931922429671,12.5590560102548,15.1887102160954,11.376124126611
"2009","TRESWELL",4.50625631035236,7.04190752868056,9.33096533041268,15.0808612049171,16.9722196989547,20.410441264339,9.79355875763471,12.0070636138176,14.8707032973758,10.9003111857262
"2009","TROUGHBARROW",4.65934348316481,7.14006203801674,9.50967404362483,14.071930933009,15.2929904955372,19.2080701469617,9.36563720808693,11.216526266777,14.3588720952933,10.291081737432
"2009","WHITEWOOD",4.9137850495795,7.21444217690186,9.77001758422028,13.4659778535255,15.3090764177769,19.2654210739914,9.18988145155251,11.2617592973394,14.5177193291058,10.225820374446
"2009","YARNER",5.16990894320852,7.42191810275612,10.0434365216509,13.4575488188762,15.4032556283768,19.261750092368,9.31372888104238,11.4125868655665,14.6525933070095,10.3631578733044
"2010","BELTWOOD",3.86949675278561,5.61245814071481,9.97926474685155,12.769317763118,14.4202590804181,19.1571970395023,8.31940725795181,10.0163586105665,14.5682308931769,9.16788293425914
"2010","BLACKPOOL",3.68012566300064,5.9048880563465,9.62155718163687,13.1356598111478,14.887527703315,20.217671213152,8.40789273707419,10.3962078798308,14.9196141973944,9.40205030845248
"2010","BLACKWOOD",3.86949675278561,5.61245814071481,9.97926474685155,12.769317763118,14.4202590804181,19.1571970395023,8.31940725795181,10.0163586105665,14.5682308931769,9.16788293425914
"2010","BRIDFORD",3.0991316158136,6.48647218741891,9.80499634068866,13.6033896526212,15.4762053160395,20.8180173106496,8.35126063421739,10.9813387517292,15.3115068256691,9.66629969297331
"2010","BVW",3.81722711300834,6.30984050187383,9.7004002012803,13.2235603492454,15.1021383399168,20.4270808787027,8.52039373112686,10.7059894208953,15.0637405399915,9.61319157601108
"2010","DUNSFORD",3.13917075761323,5.96844823767284,9.37014305666654,12.9010070425426,14.7162779897305,19.9585507525028,8.02008890007791,10.3423631137017,14.6643469045847,9.1812260068898
"2010","FAITHWAITE",3.86949675278561,5.61245814071481,9.97926474685155,12.769317763118,14.4202590804181,19.1571970395023,8.31940725795181,10.0163586105665,14.5682308931769,9.16788293425914
"2010","MIDDLEWOOD",3.66364498944687,5.3054885132465,9.73024680980243,12.7449557612421,14.3619352870411,19.0953901084926,8.20430037534451,9.8337119001438,14.4128184591475,9.01900613774415
"2010","NAGSHEAD",3.61413704124529,6.16399139489315,9.82573755468784,14.366159198198,16.2479605799929,21.1244304258113,8.99014811972163,11.205975987443,15.4750839902496,10.0980620535823
"2010","NEADON",3.81722711300834,6.30984050187383,9.7004002012803,13.2235603492454,15.1021383399168,20.4270808787027,8.52039373112686,10.7059894208953,15.0637405399915,9.61319157601108
"2010","SLINDON",3.06373937659126,4.85817878363138,9.29443473672455,14.1257772335465,15.7538492957937,21.0105108309829,8.59475830506886,10.3060140397125,15.1524727838537,9.4503861723907
"2010","SPW",3.48692329721387,5.46138200636658,9.80413208072827,14.6168054887468,15.9697661042056,21.5537526035826,9.05186439298032,10.7155740552861,15.6789423421554,9.88371922413321
"2010","TRESWELL",3.35115548741399,5.69776397941258,9.71824163927878,14.6778157120393,15.8607703066156,21.2077227783216,9.01448559972664,10.7792671430141,15.4629822088002,9.89687637137036
"2010","TROUGHBARROW",3.5383415949742,5.22245482127091,9.73889684709246,12.9208096904723,14.6972254432512,19.4262441001277,8.22957564272324,9.95984013226104,14.5825704736101,9.09470788749214
"2010","WHITEWOOD",3.68012566300064,5.9048880563465,9.62155718163687,13.1356598111478,14.887527703315,20.217671213152,8.40789273707419,10.3962078798308,14.9196141973944,9.40205030845248
"2010","YARNER",3.81722711300834,6.30984050187383,9.7004002012803,13.2235603492454,15.1021383399168,20.4270808787027,8.52039373112686,10.7059894208953,15.0637405399915,9.61319157601108
"2011","BELTWOOD",6.46391984969725,7.96414898722694,9.28079307595499,15.6780085787308,15.089217150317,17.1323100580308,11.070964214214,11.5266830687719,13.2065515669929,11.298823641493
"2011","BLACKPOOL",6.88515733392764,7.43367615093182,9.14341934977095,16.1610377738589,15.142189422905,17.4644390374389,11.5230975538933,11.2879327869184,13.3039291936049,11.4055151704058
"2011","BLACKWOOD",6.46391984969725,7.96414898722694,9.28079307595499,15.6780085787308,15.089217150317,17.1323100580308,11.070964214214,11.5266830687719,13.2065515669929,11.298823641493
"2011","BRIDFORD",6.03831616235646,7.81951282821092,9.56712009603689,16.9337033478131,15.6028125778534,18.1114884066506,11.4860097550848,11.7111627030322,13.8393042513437,11.5985862290585
"2011","BVW",6.88994323944547,7.66058270904747,9.33957668399729,16.4872413832997,15.2576701263149,17.7042893942503,11.6885923113726,11.4591264176812,13.5219330391238,11.5738593645269
"2011","DUNSFORD",6.13245853909768,7.30625406453413,9.12247765414074,16.1870526419389,14.745334684634,17.1619753425276,11.1597555905183,11.0257943745841,13.1422264983342,11.0927749825512
"2011","FAITHWAITE",6.46391984969725,7.96414898722694,9.28079307595499,15.6780085787308,15.089217150317,17.1323100580308,11.070964214214,11.5266830687719,13.2065515669929,11.298823641493
"2011","MIDDLEWOOD",6.20075779487905,7.64203369337717,8.98719736714171,15.6201335587006,14.9527344168271,17.0480447095586,10.9104456767898,11.2973840551021,13.0176210383502,11.103914865946
"2011","NAGSHEAD",6.11223916043169,7.48414861873834,8.88112043950976,17.6945264072834,16.8215958014666,18.605252084932,11.9033827838575,12.1528722101024,13.7431862622209,12.02812749698
"2011","NEADON",6.88994323944547,7.66058270904747,9.33957668399729,16.4872413832997,15.2576701263149,17.7042893942503,11.6885923113726,11.4591264176812,13.5219330391238,11.5738593645269
"2011","SLINDON",5.82804679047583,7.21904141634783,9.36090475332076,17.960662511632,16.7521703015585,18.5343522700832,11.8943546510539,11.9856058589531,13.947628511702,11.9399802550035
"2011","SPW",6.1037842878076,7.31068461238752,9.43361624261893,18.3346309653514,18.1887492716309,19.8522179383876,12.2192076265795,12.7497169420092,14.6429170905033,12.4844622842943
"2011","TRESWELL",5.70788358726581,7.01881328678226,8.6624786395513,17.496290738281,17.3546033796739,20.3588507864008,11.6020871627734,12.1867083332281,14.5106647129761,11.8943977480007
"2011","TROUGHBARROW",6.24471528396748,7.94829367750901,9.17741967715137,15.6835244929601,15.1769740055869,17.2249560970337,10.9641198884638,11.562633841548,13.2011878870925,11.2633768650059
"2011","WHITEWOOD",6.88515733392764,7.43367615093182,9.14341934977095,16.1610377738589,15.142189422905,17.4644390374389,11.5230975538933,11.2879327869184,13.3039291936049,11.4055151704058
"2011","YARNER",6.88994323944547,7.66058270904747,9.33957668399729,16.4872413832997,15.2576701263149,17.7042893942503,11.6885923113726,11.4591264176812,13.5219330391238,11.5738593645269
"2012","BELTWOOD",3.11354789203653,6.27485001520991,9.42415366819783,10.5588990883423,15.2763814220893,16.1258459179519,6.83622349018943,10.7756157186496,12.7749997930749,8.80591960441952
"2012","BLACKPOOL",3.03224561621055,7.31598706708504,9.86464864141097,10.6505412863239,15.8163317495574,16.4307627681221,6.84139345126723,11.5661594083212,13.1477057047665,9.20377642979422
"2012","BLACKWOOD",3.11354789203653,6.27485001520991,9.42415366819783,10.5588990883423,15.2763814220893,16.1258459179519,6.83622349018943,10.7756157186496,12.7749997930749,8.80591960441952
"2012","BRIDFORD",2.78252427943852,7.53945832871994,10.4956851752587,11.1505301383175,16.1213302196703,16.9900218809089,6.96652720887799,11.8303942741951,13.7428535280838,9.39846074153655
"2012","BVW",3.33617449189887,7.52077877830774,10.1395442930042,10.7143527650269,15.9325258983733,16.60110857024,7.02526362846288,11.7266523383405,13.3703264316221,9.3759579834017
"2012","DUNSFORD",2.75916321562959,7.05314515493529,9.94739087419764,10.2344581225043,15.4560034141542,16.177642505619,6.49681066906693,11.2545742845447,13.0625166899083,8.87569247680584
"2012","FAITHWAITE",3.11354789203653,6.27485001520991,9.42415366819783,10.5588990883423,15.2763814220893,16.1258459179519,6.83622349018943,10.7756157186496,12.7749997930749,8.80591960441952
"2012","MIDDLEWOOD",2.92277249404563,6.03259395287783,9.22845523935467,10.3893680672326,15.201751644477,15.9372797113328,6.65607028063912,10.6171727986774,12.5828674753437,8.63662153965826
"2012","NAGSHEAD",3.1046783534594,7.3269205149359,10.178023684701,11.4656303960147,16.8120700919309,17.2711898913971,7.28515437473706,12.0694953034334,13.724606788049,9.67732483908522
"2012","NEADON",3.33617449189887,7.52077877830774,10.1395442930042,10.7143527650269,15.9325258983733,16.60110857024,7.02526362846288,11.7266523383405,13.3703264316221,9.3759579834017
"2012","SLINDON",2.92584361536226,7.78212323048449,10.2781710994589,11.7030851903482,16.7549043814458,17.253757931451,7.31446440285523,12.2685138059651,13.7659645154549,9.79148910441018
"2012","SPW",3.19154322134304,7.7871291560434,10.0044226890459,12.0048671633412,16.8208194044223,18.3003053410861,7.5982051923421,12.3039742802328,14.152364015066,9.95108973628747
"2012","TRESWELL",2.67155443027513,6.48000382914132,9.29806762083682,11.623586034033,16.2238459367972,18.0668555429614,7.14757023215409,11.3519248829693,13.6824615818991,9.24974755756168
"2012","TROUGHBARROW",3.05053215181473,6.1741219239086,9.38515938061467,10.816084584964,15.4934585718392,16.2251573779485,6.93330836838936,10.8337902478739,12.8051583792816,8.88354930813163
"2012","WHITEWOOD",3.03224561621055,7.31598706708504,9.86464864141097,10.6505412863239,15.8163317495574,16.4307627681221,6.84139345126723,11.5661594083212,13.1477057047665,9.20377642979422
"2012","YARNER",3.33617449189887,7.52077877830774,10.1395442930042,10.7143527650269,15.9325258983733,16.60110857024,7.02526362846288,11.7266523383405,13.3703264316221,9.3759579834017
"2013","BELTWOOD",2.77091316511362,5.95961481604775,9.04794150201226,10.6064215095968,13.7854524310874,17.5403850812919,6.6886673373552,9.87253362356757,13.2941632916521,8.28060048046138
"2013","BLACKPOOL",3.21722063298178,5.36793894101096,9.33612110199966,10.3429294792427,14.0881227863476,17.3249546106104,6.78007505611226,9.72803086367929,13.330537856305,8.25405295989577
"2013","BLACKWOOD",2.77091316511362,5.95961481604775,9.04794150201226,10.6064215095968,13.7854524310874,17.5403850812919,6.6886673373552,9.87253362356757,13.2941632916521,8.28060048046138
"2013","BRIDFORD",2.84214858940731,5.83485411348423,9.66241393922786,11.0471113452418,14.2193068094796,17.9494805189018,6.94462996732456,10.0270804614819,13.8059472290648,8.48585521440323
"2013","BVW",3.4454162979038,5.66278255287795,9.4533730783729,10.5224854898727,14.0393893904183,17.5664268930201,6.98395089388827,9.85108597164812,13.5098999856965,8.4175184327682
"2013","DUNSFORD",2.73896706847238,5.23903040405167,9.18942004065134,10.1500646811609,13.3903128540242,17.0938189186754,6.44451587481665,9.31467162903793,13.1416194796634,7.87959375192729
"2013","FAITHWAITE",2.77091316511362,5.95961481604775,9.04794150201226,10.6064215095968,13.7854524310874,17.5403850812919,6.6886673373552,9.87253362356757,13.2941632916521,8.28060048046138
"2013","MIDDLEWOOD",2.6013620974481,5.72085167408656,8.81457325994288,10.511644047859,13.7747348893609,17.4163647193805,6.55650307265353,9.74779328172374,13.1154689896617,8.15214817718863
"2013","NAGSHEAD",2.91378351289241,5.46581395993599,9.45681400130323,11.5936644378567,15.1276637762106,18.3972493173231,7.25372397537454,10.2967388680733,13.9270316593132,8.77523142172391
"2013","NEADON",3.4454162979038,5.66278255287795,9.4533730783729,10.5224854898727,14.0393893904183,17.5664268930201,6.98395089388827,9.85108597164812,13.5098999856965,8.4175184327682
"2013","SLINDON",2.66801501125003,5.49409486595736,9.31235559815692,11.1053918345315,14.7990563344066,18.319346758555,6.88670342289076,10.146575600182,13.815851178356,8.51663951153637
"2013","SPW",3.00668230559248,5.82476422462146,9.27082114826788,12.6796877009197,15.4220811277113,18.7405350785775,7.84318500325611,10.6234226761664,14.0056781134227,9.23330383971124
"2013","TRESWELL",2.44636740296528,5.73525137974654,8.94473077064489,12.8758586774104,15.8231797353354,19.1236983333928,7.66111304018783,10.779215557541,14.0342145520189,9.22016429886441
"2013","TROUGHBARROW",2.64991871981208,5.9285108718923,8.9695497064799,10.709680729296,13.896758739508,17.8069425681747,6.67979972455404,9.91263480570015,13.3882461373273,8.2962172651271
"2013","WHITEWOOD",3.21722063298178,5.36793894101096,9.33612110199966,10.3429294792427,14.0881227863476,17.3249546106104,6.78007505611226,9.72803086367929,13.330537856305,8.25405295989577
"2013","YARNER",3.4454162979038,5.66278255287795,9.4533730783729,10.5224854898727,14.0393893904183,17.5664268930201,6.98395089388827,9.85108597164812,13.5098999856965,8.4175184327682
"2014","BELTWOOD",6.34524187750896,8.28158741588702,10.4818186668894,13.6596659365353,15.2902529766364,18.7562754963923,10.0024539070221,11.7859201962617,14.6190470816409,10.8941870516419
"2014","BLACKPOOL",5.47444204629612,8.07770319148536,10.4136142380103,13.231586470901,15.2845838176393,19.3305861723868,9.35301425859856,11.6811435045623,14.8721002051986,10.5170788815804
"2014","BLACKWOOD",6.34524187750896,8.28158741588702,10.4818186668894,13.6596659365353,15.2902529766364,18.7562754963923,10.0024539070221,11.7859201962617,14.6190470816409,10.8941870516419
"2014","BRIDFORD",5.18422144641414,8.411482109005,10.7046365376474,13.8022499009226,15.7018735376255,20.1090789599986,9.49323567366836,12.0566778233153,15.406857748823,10.7749567484918
"2014","BVW",5.80318299948484,8.28556119826869,10.5713448668155,13.4287939353876,15.4415586527478,19.6673840355757,9.61598846743622,11.8635599255082,15.1193644511956,10.7397741964722
"2014","DUNSFORD",5.15632031741053,7.89617018548804,10.2727157119326,13.1395867970098,15.0775737731366,19.3495471673997,9.14795355721019,11.4868719793123,14.8111314396661,10.3174127682613
"2014","FAITHWAITE",6.34524187750896,8.28158741588702,10.4818186668894,13.6596659365353,15.2902529766364,18.7562754963923,10.0024539070221,11.7859201962617,14.6190470816409,10.8941870516419
"2014","MIDDLEWOOD",6.09334645890587,7.99052503708457,10.2311563280045,13.5666875331682,15.1968852770594,18.6369517070865,9.83001699603705,11.593705157072,14.4340540175455,10.7118610765545
"2014","NAGSHEAD",5.52854027896788,7.92261339148075,10.5300462101019,14.2466791955661,16.5883843075257,20.5786290165689,9.88760973726699,12.2554988495032,15.5543376133354,11.0715542933851
"2014","NEADON",5.80318299948484,8.28556119826869,10.5713448668155,13.4287939353876,15.4415586527478,19.6673840355757,9.61598846743622,11.8635599255082,15.1193644511956,10.7397741964722
"2014","SLINDON",5.51959583852374,7.61162905327924,10.0518930923824,14.7306226555313,16.2173707936927,20.434405731258,10.1251092470275,11.914499923486,15.2431494118202,11.0198045852568
"2014","SPW",5.83942174825585,8.09244754537787,10.4288981481145,15.453405896124,17.1065000601286,20.7299336646885,10.6464138221899,12.5994738027532,15.5794159064015,11.6229438124716
"2014","TRESWELL",5.39489024598162,7.72770911025659,10.1879975720145,14.7312551465421,16.7395834163159,20.2853622657939,10.0630726962618,12.2336462632863,15.2366799189042,11.148359479774
"2014","TROUGHBARROW",6.19332223475916,8.11006600133047,10.3303747181345,13.8664841017666,15.4514364245828,18.9066841720409,10.0299031682629,11.7807512129566,14.6185294450877,10.9053271906098
"2014","WHITEWOOD",5.47444204629612,8.07770319148536,10.4136142380103,13.231586470901,15.2845838176393,19.3305861723868,9.35301425859856,11.6811435045623,14.8721002051986,10.5170788815804
"2014","YARNER",5.80318299948484,8.28556119826869,10.5713448668155,13.4287939353876,15.4415586527478,19.6673840355757,9.61598846743622,11.8635599255082,15.1193644511956,10.7397741964722
"2015","BELTWOOD",3.47823677168402,6.47386158277059,9.04740650445639,12.6593171866656,13.1119986465959,17.375556275197,8.06877697917479,9.79293011468324,13.2114813898267,8.93085354692901
"2015","BLACKPOOL",4.9170756476851,7.10538324504565,9.22398998801821,13.9327428279454,14.6640532973691,18.1467027231847,9.42490923781527,10.8847182712074,13.6853463556014,10.1548137545113
"2015","BLACKWOOD",3.47823677168402,6.47386158277059,9.04740650445639,12.6593171866656,13.1119986465959,17.375556275197,8.06877697917479,9.79293011468324,13.2114813898267,8.93085354692901
"2015","BRIDFORD",4.12340898698228,7.53229159633831,9.44612649933952,14.6502340575662,14.8229142032131,18.889766895243,9.38682152227426,11.1776028997757,14.1679466972913,10.282212211025
"2015","BVW",4.9946270774337,7.32644064120769,9.27570382443887,14.175678082379,14.6052567780306,18.4452447392342,9.58515257990634,10.9658487096191,13.8604742818365,10.2755006447627
"2015","DUNSFORD",4.22396876526237,6.94295172536707,8.98908188579639,13.9515775906462,13.9390575379687,17.9713210148913,9.08777317795426,10.4410046316679,13.4802014503438,9.76438890481108
"2015","FAITHWAITE",3.47823677168402,6.47386158277059,9.04740650445639,12.6593171866656,13.1119986465959,17.375556275197,8.06877697917479,9.79293011468324,13.2114813898267,8.93085354692901
"2015","MIDDLEWOOD",3.26303292408256,6.18853078864878,8.72615023120426,12.6686580181768,13.0458704809964,17.260074097176,7.96584547112969,9.61720063482259,12.9931121641901,8.79152305297614
"2015","NAGSHEAD",4.09969500586716,6.75735928000777,9.26533064534636,15.0535700997897,15.3614403230943,19.4629217393595,9.57663255282844,11.059399801551,14.3641261923529,10.3180161771897
"2015","NEADON",4.9946270774337,7.32644064120769,9.27570382443887,14.175678082379,14.6052567780306,18.4452447392342,9.58515257990634,10.9658487096191,13.8604742818365,10.2755006447627
"2015","SLINDON",3.44916092013996,7.06505141701427,9.00586684931736,14.5167147559957,15.4940680461282,19.5804461566856,8.98293783806781,11.2795597315712,14.2931565030015,10.1312487848195
"2015","SPW",3.97816489047368,6.86891571695021,9.25789071162504,14.8852572784369,16.248064318013,20.3964756282463,9.43171108445527,11.5584900174816,14.8271831699357,10.4951005509684
"2015","TRESWELL",3.35826579363759,6.3198533301316,8.35492463631154,14.6658448225261,15.5168877679752,19.9715961007228,9.01205530808185,10.9183705490534,14.1632603685172,9.96521292856763
"2015","TROUGHBARROW",3.356679383282,6.28569886141964,8.85528950341849,12.7466184857052,13.2422523490034,17.4276669387275,8.0516489344936,9.76397560521151,13.141478221073,8.90781226985255
"2015","WHITEWOOD",4.9170756476851,7.10538324504565,9.22398998801821,13.9327428279454,14.6640532973691,18.1467027231847,9.42490923781527,10.8847182712074,13.6853463556014,10.1548137545113
"2015","YARNER",4.9946270774337,7.32644064120769,9.27570382443887,14.175678082379,14.6052567780306,18.4452447392342,9.58515257990634,10.9658487096191,13.8604742818365,10.2755006447627
"2016","BELTWOOD",3.04863632668374,7.53266904564659,11.2862772640152,10.8169184917249,16.651772790303,18.6936324011702,6.9327774092043,12.0922209179748,14.9899548325927,9.51249916358954
"2016","BLACKPOOL",3.20903475405824,7.34241682611247,11.0660346808944,11.2887543733643,16.2662879529942,18.0496240459017,7.24889456371125,11.8043523895533,14.5578293633981,9.5266234766323
"2016","BLACKWOOD",3.04863632668374,7.53266904564659,11.2862772640152,10.8169184917249,16.651772790303,18.6936324011702,6.9327774092043,12.0922209179748,14.9899548325927,9.51249916358954
"2016","BRIDFORD",3.09343885425838,8.01371914062426,11.5521253288271,11.8302338767033,16.8463066569287,18.7201356083961,7.46183636548086,12.4300128987765,15.1361304686116,9.94592463212867
"2016","BVW",3.53265416395977,7.7178558329938,11.257935879638,11.3548623864018,16.4923695102374,18.3546586272264,7.44375827518079,12.1051126716156,14.8062972534322,9.77443547339819
"2016","DUNSFORD",2.97057809662891,7.49607851360418,11.0776457921082,10.9193090002711,16.1390627423918,17.9084923912714,6.94494354845,11.817570627998,14.4930690916898,9.38125708822398
"2016","FAITHWAITE",3.04863632668374,7.53266904564659,11.2862772640152,10.8169184917249,16.651772790303,18.6936324011702,6.9327774092043,12.0922209179748,14.9899548325927,9.51249916358954
"2016","MIDDLEWOOD",2.78325556703405,7.18931589832677,10.9772556458329,10.7028352853806,16.4802744747625,18.5164010286247,6.74304542620732,11.8347951865446,14.7468283372288,9.28892030637597
"2016","NAGSHEAD",3.08089717415296,7.64611238661956,11.4401359283099,12.1242187375814,17.6618318503916,19.5101433196589,7.60255795586716,12.6539721185056,15.4751396239844,10.1282650371864
"2016","NEADON",3.53265416395977,7.7178558329938,11.257935879638,11.3548623864018,16.4923695102374,18.3546586272264,7.44375827518079,12.1051126716156,14.8062972534322,9.77443547339819
"2016","SLINDON",2.99659377579767,7.62013259663203,11.197570317989,12.0456611039973,17.5859161250897,19.1098864115071,7.52112743989749,12.6030243608609,15.1537283647481,10.0620759003792
"2016","SPW",3.36196772459968,7.75984166642994,11.094586628689,12.437418205981,17.8090074257554,19.6061683902505,7.89969296529032,12.7844245460927,15.3503775094698,10.3420587556915
"2016","TRESWELL",2.28397387187339,6.78771906871816,10.1974669943087,12.2107915449346,16.8506660941111,19.4812285556295,7.24738270840398,11.8191925814146,14.8393477749691,9.5332876449093
"2016","TROUGHBARROW",2.84898615984913,7.19663091150028,11.1910354101266,10.9664014926749,16.9169024533755,18.9823162037844,6.90769382626201,12.0567666824379,15.0866758069555,9.48223025434996
"2016","WHITEWOOD",3.20903475405824,7.34241682611247,11.0660346808944,11.2887543733643,16.2662879529942,18.0496240459017,7.24889456371125,11.8043523895533,14.5578293633981,9.5266234766323
"2016","YARNER",3.53265416395977,7.7178558329938,11.257935879638,11.3548623864018,16.4923695102374,18.3546586272264,7.44375827518079,12.1051126716156,14.8062972534322,9.77443547339819
"2017","BELTWOOD",4.68934174110448,7.98034757087967,11.424903588093,12.0842728217786,17.3451596471066,18.1757386351069,8.38680728144156,12.6627536089931,14.8003211115999,10.5247804452174
"2017","BLACKPOOL",3.89270360590463,8.20629450239326,10.8253338038991,13.2799964510272,16.0831754842315,18.9999367302375,8.58635002846593,12.1447349933124,14.9126352670683,10.3655425108892
"2017","BLACKWOOD",4.68934174110448,7.98034757087967,11.424903588093,12.0842728217786,17.3451596471066,18.1757386351069,8.38680728144156,12.6627536089931,14.8003211115999,10.5247804452174
"2017","BRIDFORD",3.74644263685013,8.7151442401316,11.2937119058889,13.7005706428711,16.6653002440725,19.7923248318694,8.72350663986064,12.6902222421021,15.5430183688791,10.7068644409814
"2017","BVW",4.2745013972661,8.54268123602944,10.9502213306243,13.3280533069446,16.3190240996486,19.2535270510862,8.80127735210534,12.430852667839,15.1018741908553,10.6160650099722
"2017","DUNSFORD",3.63642698320136,8.24048832251541,10.8358661237316,12.8221134072307,15.9536150885956,18.9436208743215,8.22927019521603,12.0970517055555,14.8897434990266,10.1631609503858
"2017","FAITHWAITE",4.68934174110448,7.98034757087967,11.424903588093,12.0842728217786,17.3451596471066,18.1757386351069,8.38680728144156,12.6627536089931,14.8003211115999,10.5247804452174
"2017","MIDDLEWOOD",4.43229620205307,7.69452130068652,11.1946428209386,12.0442985346459,17.1801272461984,18.0348041935433,8.2382973683495,12.4373242734425,14.614723507241,10.337810820896
"2017","NAGSHEAD",3.86977000441382,8.52263092820396,11.6261677421692,14.0635518663534,18.0958430844566,20.62267515441,8.96666093538359,13.3092370063303,16.1244214482896,11.1379489708569
"2017","NEADON",4.2745013972661,8.54268123602944,10.9502213306243,13.3280533069446,16.3190240996486,19.2535270510862,8.80127735210534,12.430852667839,15.1018741908553,10.6160650099722
"2017","SLINDON",3.4321157494633,8.17487204979244,11.4177052443054,14.1653093080687,17.6158625088778,21.150093844115,8.79871252876598,12.8953672793351,16.2838995442102,10.8470399040505
"2017","SPW",4.11985856794954,8.67476437706484,12.1301690600697,14.3433210949177,18.4097433210573,22.1944288445037,9.23158983143362,13.5422538490611,17.1622989522867,11.3869218402473
"2017","TRESWELL",3.56845235482778,7.72807976643751,11.5697398387155,14.2246689774717,17.938921085318,21.2524018701373,8.89656066614973,12.8335004258777,16.4110708544264,10.8650305460137
"2017","TROUGHBARROW",4.31664382667056,7.70230454388986,11.3359355612792,12.3659673591395,17.5097066938653,18.2573979104366,8.34130559290502,12.6060056188776,14.7966667358579,10.4736556058913
"2017","WHITEWOOD",3.89270360590463,8.20629450239326,10.8253338038991,13.2799964510272,16.0831754842315,18.9999367302375,8.58635002846593,12.1447349933124,14.9126352670683,10.3655425108892
"2017","YARNER",4.2745013972661,8.54268123602944,10.9502213306243,13.3280533069446,16.3190240996486,19.2535270510862,8.80127735210534,12.430852667839,15.1018741908553,10.6160650099722
"2018","BELTWOOD",5.43717919142083,7.61740425483821,10.5666248642838,12.3919571088656,17.8604243587239,20.5447343911931,8.91456815014321,12.738914306781,15.5556796277385,10.8267412284621
"2018","BLACKPOOL",5.93700209827278,7.47709450849641,11.235969117302,12.9806250071126,17.2580948260884,21.2335239004792,9.4588135526927,12.3675946672924,16.2347465088906,10.9132041099926
"2018","BLACKWOOD",5.43717919142083,7.61740425483821,10.5666248642838,12.3919571088656,17.8604243587239,20.5447343911931,8.91456815014321,12.738914306781,15.5556796277385,10.8267412284621
"2018","BRIDFORD",5.79377986844607,7.95654502158186,11.4688319232924,13.3105663657705,17.6284344144744,21.8314107563855,9.55217311710829,12.7924897180281,16.6501213398389,11.1723314175682
"2018","BVW",6.28330363630481,7.88792200004964,11.4152479579174,12.9755053639895,17.4725268779268,21.4929268921664,9.62940450014715,12.6802244389882,16.4540874250419,11.1548144695677
"2018","DUNSFORD",5.64188201697303,7.60915276893474,11.1448414751905,12.5919355312858,17.0226623689611,21.0986251022957,9.1169087741294,12.3159075689479,16.1217332887431,10.7164081715387
"2018","FAITHWAITE",5.43717919142083,7.61740425483821,10.5666248642838,12.3919571088656,17.8604243587239,20.5447343911931,8.91456815014321,12.738914306781,15.5556796277385,10.8267412284621
"2018","MIDDLEWOOD",5.21614206778961,7.31502408338481,10.274541618341,12.2450894751938,17.8063846438472,20.3835912296298,8.7306157714917,12.560704363616,15.3290664239854,10.6456600675539
"2018","NAGSHEAD",6.25812623650622,7.49319586073363,11.0236059073842,13.2380291112021,18.6378808615734,21.9739229802471,9.74807767385418,13.0655383611535,16.4987644438156,11.4068080175038
"2018","NEADON",6.28330363630481,7.88792200004964,11.4152479579174,12.9755053639895,17.4725268779268,21.4929268921664,9.62940450014715,12.6802244389882,16.4540874250419,11.1548144695677
"2018","SLINDON",6.23587794748106,7.50893470523684,10.6340955381054,13.6408452263513,19.1573570941832,21.873762798022,9.93836158691617,13.33314589971,16.2539291680637,11.6357537433131
"2018","SPW",6.66194887517554,7.798620645339,10.8688054904753,14.3881028705203,19.3540521293578,22.2661563529816,10.5250258728479,13.5763363873484,16.5674809217284,12.0506811300981
"2018","TRESWELL",5.39579939019404,7.43140829288338,10.2830902823671,13.7543763066145,18.9299831879181,21.9060420911649,9.57508784840428,13.1806957404007,16.094566186766,11.3778917944025
"2018","TROUGHBARROW",5.17129969473319,7.32624457583926,10.3731563336193,12.5453764788411,18.1052810462637,20.8440327467732,8.85833808678712,12.7157628110515,15.6085945401963,10.7870504489193
"2018","WHITEWOOD",5.93700209827278,7.47709450849641,11.235969117302,12.9806250071126,17.2580948260884,21.2335239004792,9.4588135526927,12.3675946672924,16.2347465088906,10.9132041099926
"2018","YARNER",6.28330363630481,7.88792200004964,11.4152479579174,12.9755053639895,17.4725268779268,21.4929268921664,9.62940450014715,12.6802244389882,16.4540874250419,11.1548144695677
"2019","BELTWOOD",4.44528127342718,6.33683929244031,9.93408145709853,14.0108044636656,14.7347091691718,17.4999663518135,9.22804286854639,10.535774230806,13.717023904456,9.88190854967621
"2019","BLACKPOOL",4.96086109453544,5.95029203472458,10.0287519500534,13.0128515103045,15.2853886982684,17.5109733780904,8.98685630241999,10.6178403664965,13.7698626640719,9.80234833445824
"2019","BLACKWOOD",4.44528127342718,6.33683929244031,9.93408145709853,14.0108044636656,14.7347091691718,17.4999663518135,9.22804286854639,10.535774230806,13.717023904456,9.88190854967621
"2019","BRIDFORD",4.53942332135661,6.42419393268108,10.4098776112162,13.4362981346973,15.7451976953825,18.1674063694572,8.98786072802693,11.0846958140318,14.2886419903367,10.0362782710294
"2019","BVW",5.2277675055608,6.35906687897162,10.1839625999962,13.0510095344388,15.4664809383246,17.7169357311943,9.13938851999978,10.9127739086481,13.9504491655952,10.0260812143239
"2019","DUNSFORD",4.5694486232285,5.98760021539601,9.95465101465674,12.7620376571972,14.9948525738539,17.3279096191974,8.66574314021283,10.491226394625,13.6412803169271,9.5784847674189
"2019","FAITHWAITE",4.44528127342718,6.33683929244031,9.93408145709853,14.0108044636656,14.7347091691718,17.4999663518135,9.22804286854639,10.535774230806,13.717023904456,9.88190854967621
"2019","MIDDLEWOOD",4.09324864548187,6.00729541372206,9.64717254951467,13.8143161659696,14.6404890476582,17.2865068614087,8.95378240572576,10.3238922306901,13.4668397054617,9.63883731820794
"2019","NAGSHEAD",4.32561364989129,5.90092919553229,10.0492564471757,14.0021638999055,16.7294535398016,18.6130797691434,9.16388877489839,11.315191367667,14.3311681081595,10.2395400712827
"2019","NEADON",5.2277675055608,6.35906687897162,10.1839625999962,13.0510095344388,15.4664809383246,17.7169357311943,9.13938851999978,10.9127739086481,13.9504491655952,10.0260812143239
"2019","SLINDON",3.72522381654957,5.66397734392328,10.0860339122931,14.4107051241821,16.6724489041815,19.138601080978,9.06796447036583,11.1682131240524,14.6123174966355,10.1180887972091
"2019","SPW",3.65645768812722,6.38026015529537,10.4654079745494,14.5252599713201,16.9969744900588,20.0014522934533,9.09085882972364,11.6886173226771,15.2334301340013,10.3897380762004
"2019","TRESWELL",2.98046866168866,6.05731876215859,9.46547800350163,14.361295742179,16.4328939736254,19.3894210541938,8.67088220193382,11.245106367892,14.4274495288477,9.95799428491291
"2019","TROUGHBARROW",4.22541384203965,6.01953470164873,9.89816132581766,14.3368294714485,15.0635654065225,17.7764623616311,9.28112165674405,10.5415500540856,13.8373118437244,9.91133585541483
"2019","WHITEWOOD",4.96086109453544,5.95029203472458,10.0287519500534,13.0128515103045,15.2853886982684,17.5109733780904,8.98685630241999,10.6178403664965,13.7698626640719,9.80234833445824
"2019","YARNER",5.2277675055608,6.35906687897162,10.1839625999962,13.0510095344388,15.4664809383246,17.7169357311943,9.13938851999978,10.9127739086481,13.9504491655952,10.0260812143239
"2020","BELTWOOD",4.8415184805243,6.45685266037908,11.0041323772476,14.6904520041129,16.6301552240067,18.6774143211099,9.76598524231861,11.5435039421929,14.8407733491788,10.6547445922558
"2020","BLACKPOOL",4.90343165512861,7.06268173963742,9.89618030841262,14.665306301067,17.4141830741453,17.8617717439653,9.78436897809779,12.2384324068914,13.878976026189,11.0114006924946
"2020","BLACKWOOD",4.8415184805243,6.45685266037908,11.0041323772476,14.6904520041129,16.6301552240067,18.6774143211099,9.76598524231861,11.5435039421929,14.8407733491788,10.6547445922558
"2020","BRIDFORD",5.09737803545442,6.92459644052511,10.4522218558869,15.9409204999654,18.1138927841998,18.8778624893341,10.5191492677099,12.5192446123625,14.6650421726105,11.5191969400362
"2020","BVW",5.56164347428184,7.12244055097792,10.1522603610491,15.2412226614821,17.6664474984577,18.3159118087364,10.401433067882,12.3944440247178,14.2340860848928,11.3979385462999
"2020","DUNSFORD",5.16906890699784,6.58341902863205,9.97058963366999,15.2576554256286,17.4063592321353,18.0608325351247,10.2133621663132,11.9948891303837,14.0157110843973,11.1041256483485
"2020","FAITHWAITE",4.8415184805243,6.45685266037908,11.0041323772476,14.6904520041129,16.6301552240067,18.6774143211099,9.76598524231861,11.5435039421929,14.8407733491788,10.6547445922558
"2020","MIDDLEWOOD",4.5927508321956,6.13793247819893,10.7058919824629,14.5804946755544,16.5797392826128,18.4698698617062,9.58662275387503,11.3588358804059,14.5878809220845,10.4727293171404
"2020","NAGSHEAD",4.79039497652664,6.57994430970501,10.6876398309904,16.6305096416581,18.8743985045593,20.0646691904392,10.7104523090924,12.7271714071321,15.3761545107148,11.7188118581122
"2020","NEADON",5.56164347428184,7.12244055097792,10.1522603610491,15.2412226614821,17.6664474984577,18.3159118087364,10.401433067882,12.3944440247178,14.2340860848928,11.3979385462999
"2020","SLINDON",4.27034264931219,6.40959399555704,10.5609988427977,16.4334147325176,18.520886428275,20.0483511172546,10.3518786909149,12.465240211916,15.3046749800261,11.4085594514154
"2020","SPW",4.756281360424,6.83822723061416,10.792575951021,16.8721649286644,19.4784618966357,21.0726925084468,10.8142231445442,13.158344563625,15.9326342297339,11.9862838540846
"2020","TRESWELL",4.51708337807601,6.62155701694392,10.154702270047,16.0932581616439,18.7254319775109,20.2596357960479,10.30517076986,12.6734944972274,15.2071690330474,11.4893326335437
"2020","TROUGHBARROW",4.47771704182562,6.12536503371917,10.8464343119089,14.8655890518166,16.8295776621163,18.974710082002,9.67165304682113,11.4774713479177,14.9105721969555,10.5745621973694
"2020","WHITEWOOD",4.90343165512861,7.06268173963742,9.89618030841262,14.665306301067,17.4141830741453,17.8617717439653,9.78436897809779,12.2384324068914,13.878976026189,11.0114006924946
"2020","YARNER",5.56164347428184,7.12244055097792,10.1522603610491,15.2412226614821,17.6664474984577,18.3159118087364,10.401433067882,12.3944440247178,14.2340860848928,11.3979385462999
"2021","BELTWOOD",0.921202783430355,5.38721746415145,10.3460003945818,11.4674793456183,13.834507540766,19.2359733108489,6.19434106452431,9.61086250245871,14.7909868527153,7.90260178349151
"2021","BLACKPOOL",1.94066255270009,5.84235644097442,10.3884999763907,11.3884853684359,12.9498259729035,19.2699902833283,6.664573960568,9.39609120693895,14.8292451298595,8.03033258375348
"2021","BLACKWOOD",0.921202783430355,5.38721746415145,10.3460003945818,11.4674793456183,13.834507540766,19.2359733108489,6.19434106452431,9.61086250245871,14.7909868527153,7.90260178349151
"2021","BRIDFORD",1.22250498562961,6.29893728194616,10.6147465199988,12.1889814565691,13.6988984744925,19.7989398617216,6.70574322109935,9.99891787821935,15.2068431908602,8.35233054965935
"2021","BVW",2.04419822784899,6.1117244479942,10.44984309366,11.611427452354,13.2662184275567,19.3993527849264,6.82781284010151,9.68897143777544,14.9245979392932,8.25839213893847
"2021","DUNSFORD",1.34497807567854,5.81521013471157,10.1294929950325,11.4293352053354,12.9593471993379,19.0986354115405,6.38715664050698,9.38727866702472,14.6140642032865,7.88721765376585
"2021","FAITHWAITE",0.921202783430355,5.38721746415145,10.3460003945818,11.4674793456183,13.834507540766,19.2359733108489,6.19434106452431,9.61086250245871,14.7909868527153,7.90260178349151
"2021","MIDDLEWOOD",0.622819503396833,5.04179840802753,10.0454319204418,11.3646099221109,13.7284198835231,19.1600131447698,5.99371471275385,9.38510914577533,14.6027225326058,7.68941192926459
"2021","NAGSHEAD",0.90810494990224,5.75184625847571,10.8795296812832,12.2044042598478,14.6691495117079,20.3266062204765,6.55625460487503,10.2104978850918,15.6030679508799,8.38337624498343
"2021","NEADON",2.04419822784899,6.1117244479942,10.44984309366,11.611427452354,13.2662184275567,19.3993527849264,6.82781284010151,9.68897143777544,14.9245979392932,8.25839213893847
"2021","SLINDON",0.136929871641904,5.49891626982181,10.8683241918577,11.6391368598771,14.6231596026289,20.0135669296073,5.88803336575951,10.0610379362254,15.4409455607325,7.97453565099243
"2021","SPW",1.03423946159849,5.84463549474525,11.7550156126398,11.7431979386277,15.2540039006001,20.8565615375106,6.38871870011307,10.5493196976727,16.3057885750752,8.46901919889286
"2021","TRESWELL",0.435926312678987,5.1450406918748,10.550743209183,12.1219860077259,15.0051346821296,21.0064077574461,6.27895616020245,10.0750876870022,15.7785754833145,8.17702192360232
"2021","TROUGHBARROW",0.507713555469957,5.08098880736849,9.99785018895916,11.7039153352204,14.0743129924354,19.410288331704,6.10581444534518,9.57765089990195,14.7040692603316,7.84173267262356
"2021","WHITEWOOD",1.94066255270009,5.84235644097442,10.3884999763907,11.3884853684359,12.9498259729035,19.2699902833283,6.664573960568,9.39609120693895,14.8292451298595,8.03033258375348
"2021","YARNER",2.04419822784899,6.1117244479942,10.44984309366,11.611427452354,13.2662184275567,19.3993527849264,6.82781284010151,9.68897143777544,14.9245979392932,8.25839213893847
"2022","BELTWOOD",4.16401241637851,8.77911916670268,10.1022054496452,13.0506708049326,15.7400745042508,18.2692257637423,8.60734161065556,12.2595968354767,14.1857156066937,10.4334692230662
"2022","BLACKPOOL",4.56618110207556,8.1092359937483,9.73347353706701,12.9970812339947,16.3777148439826,18.7260156791297,8.78163116803513,12.2434754188654,14.2297446080984,10.5125532934503
"2022","BLACKWOOD",4.16401241637851,8.77911916670268,10.1022054496452,13.0506708049326,15.7400745042508,18.2692257637423,8.60734161065556,12.2595968354767,14.1857156066937,10.4334692230662
"2022","BRIDFORD",3.89699071444584,8.4946393252813,9.74704539258677,13.784275713149,16.6533435627804,19.6823107586648,8.84063321379743,12.5739914440309,14.7146780756258,10.7073123289141
"2022","BVW",4.70260385176999,8.31351454682381,9.68767894557571,13.2294338014017,16.3742733924358,19.14584986575,8.96601882658585,12.3438939696298,14.4167644056629,10.6549563981078
"2022","DUNSFORD",3.99779173917088,8.02671093285334,9.38178373087198,12.998656823472,15.9296087563663,18.8815146599329,8.49822428132143,11.9781598446098,14.1316491954024,10.2381920629656
"2022","FAITHWAITE",4.16401241637851,8.77911916670268,10.1022054496452,13.0506708049326,15.7400745042508,18.2692257637423,8.60734161065556,12.2595968354767,14.1857156066937,10.4334692230662
"2022","MIDDLEWOOD",3.93408180327517,8.46551749630803,9.82329506268281,12.9027519208778,15.6318598839802,18.1703474023876,8.41841686207651,12.0486886901441,13.9968212325352,10.2335527761103
"2022","NAGSHEAD",3.85530647457844,8.44335333664395,9.62142314002913,14.2504353220991,17.4571201792943,19.9949656928539,9.05287089833876,12.9502367579691,14.8081944164415,11.0015538281539
"2022","NEADON",4.70260385176999,8.31351454682381,9.68767894557571,13.2294338014017,16.3742733924358,19.14584986575,8.96601882658585,12.3438939696298,14.4167644056629,10.6549563981078
"2022","SLINDON",3.38325742972192,7.63079116557762,9.50869441186075,14.3824098046538,17.5860756891488,20.3853276488791,8.88283361718786,12.6084334273632,14.9470110303699,10.7456335222755
"2022","SPW",4.05551717282588,8.29296163272537,9.98791896336582,14.6030545458536,18.5962636758173,21.4747523002402,9.32928585933976,13.4446126542714,15.731335631803,11.3869492568056
"2022","TRESWELL",3.75387120823433,8.16239622815275,9.64650356000528,14.3165914662579,18.0741651120226,21.4943974614705,9.03523133724609,13.1182806700877,15.5704505107379,11.0767560036669
"2022","TROUGHBARROW",3.99857231977738,8.50786388659699,10.0025701300775,13.2942611071616,15.8598408793826,18.3196736395643,8.64641671346951,12.1838523829898,14.1611218848209,10.4151345482297
"2022","WHITEWOOD",4.56618110207556,8.1092359937483,9.73347353706701,12.9970812339947,16.3777148439826,18.7260156791297,8.78163116803513,12.2434754188654,14.2297446080984,10.5125532934503
"2022","YARNER",4.70260385176999,8.31351454682381,9.68767894557571,13.2294338014017,16.3742733924358,19.14584986575,8.96601882658585,12.3438939696298,14.4167644056629,10.6549563981078
"2023","BELTWOOD",4.55550674822443,7.73069287645473,11.4034945057475,12.4904748058238,17.1491219449786,21.8798282311545,8.52299077702413,12.4399074107167,16.641661368451,10.4814490938704
"2023","BLACKPOOL",5.02180676899174,8.14787957891794,11.4727584052042,12.3825184956311,17.5529360256575,21.9671237029483,8.70216263231143,12.8504078022877,16.7199410540762,10.7762852172996
"2023","BLACKWOOD",4.55550674822443,7.73069287645473,11.4034945057475,12.4904748058238,17.1491219449786,21.8798282311545,8.52299077702413,12.4399074107167,16.641661368451,10.4814490938704
"2023","BRIDFORD",4.44749146187687,8.22075334133442,11.8511008848611,12.8017966695353,17.6228062202639,22.5402456488926,8.62464406570608,12.9217797807992,17.1956732668769,10.7732119232526
"2023","BVW",5.18599417963218,8.26731981997732,11.7314396217651,12.4657554882075,17.555641879381,22.2225101087884,8.82587483391982,12.9114808496792,16.9769748652768,10.8686778417995
"2023","DUNSFORD",4.49719027001283,7.76908984008574,11.5168475846815,12.0988929852923,17.0456498707201,21.90692468892,8.29804162765257,12.4073698554029,16.7118861368008,10.3527057415277
"2023","FAITHWAITE",4.55550674822443,7.73069287645473,11.4034945057475,12.4904748058238,17.1491219449786,21.8798282311545,8.52299077702413,12.4399074107167,16.641661368451,10.4814490938704
"2023","MIDDLEWOOD",4.31538669413362,7.40915813072243,11.0762716900916,12.3358136666594,17.090109978936,21.6535079750178,8.32560018039652,12.2496340548292,16.3648898325547,10.2876171176129
"2023","NAGSHEAD",4.06070862858924,7.29002860109592,11.6150196443074,12.7869722408147,18.1259644797234,22.9188938578534,8.42384043470198,12.7079965404097,17.2669567510804,10.5659184875558
"2023","NEADON",5.18599417963218,8.26731981997732,11.7314396217651,12.4657554882075,17.555641879381,22.2225101087884,8.82587483391982,12.9114808496792,16.9769748652768,10.8686778417995
"2023","SLINDON",3.98805455387034,7.00549295185887,11.3124327346377,13.1549976659143,17.8175481367416,23.4407962177912,8.57152610989234,12.4115205443003,17.3766144762144,10.4915233270963
"2023","SPW",4.15842587672315,7.44608372593104,11.2837064984146,13.4652133219486,17.116675399161,23.7031003158774,8.81181959933587,12.281379562546,17.493403407146,10.5465995809409
"2023","TRESWELL",3.85909795465077,7.55926733834145,10.6227168766782,13.2177140692866,17.4794235059128,22.8168296130803,8.53840601196869,12.5193454221271,16.7197732448793,10.5288757170479
"2023","TROUGHBARROW",4.39251034846764,7.35394859112111,10.7759572102975,12.7008529613728,17.57756498792,22.0856234961694,8.54668165492022,12.4657567895206,16.4307903532334,10.5062192222204
"2023","WHITEWOOD",5.02180676899174,8.14787957891794,11.4727584052042,12.3825184956311,17.5529360256575,21.9671237029483,8.70216263231143,12.8504078022877,16.7199410540762,10.7762852172996
"2023","YARNER",5.18599417963218,8.26731981997732,11.7314396217651,12.4657554882075,17.555641879381,22.2225101087884,8.82587483391982,12.9114808496792,16.9769748652768,10.8686778417995
