BroodID,Year,Box,Popn,Species,CltCd,CltSize,Hatch,Fledged,DFE,DH,MinEggs,UnHatch,Outcome,MaleID,MaleDate,MaleStatus,MaleRingDate,MaleMinAge,FemaleID,FemaleDate,FemaleStatus,FemaleRingDate,FemaleMinAge,YoungDate,Young1,Young2,Young3,Young4,Young5,Young6,Young7,Young8,Young9,Young10,Young11,Young12,NOTES
1,2010,1,,GRETI,,8,,8,24,,,,NE,,,,,,,,,,,,,,,,,,,,,,,,
2,2010,3,,BLUTI,,13,13,13,22,,,,NE,,,,,,,,,,,,,,,,,,,,,,,,
3,2010,5,,GRETI,,8,,8,20,,,,NE,,,,,,,,,,,,,,,,,,,,,,,,
4,2010,7,,BLUTI,,11,,10,16,,,,NE,,,,,,,,,,,,,,,,,,,,,,,,
5,2010,9,,GRETI,,8,,8,12,,,,NE,,,,,,,,,,,,,,,,,,,,,,,,
6,2010,11,,BLUTI,,11,,9,8,,,,NE,,,,,,,,,,,,,,,,,,,,,,,,
7,2010,13,,GRETI,,8,,8,16,,,,NE,,,,,,,,,,,,,,,,,,,,,,,,
8,2010,15,,BLUTI,,14,,0,17,,,,XD,,,,,,,,,,,,,,,,,,,,,,,,
9,2010,17,,GRETI,,8,,8,25,,,,NE,,,,,,,,,,,,,,,,,,,,,,,,
10,2010,19,,BLUTI,,10,,10,23,,,,NE,,,,,,,,,,,,,,,,,,,,,,,,
11,2010,21,,BLUTI,,11,,11,17,,,,NE,,,,,,,,,,,,,,,,,,,,,,,,
12,2010,22,,BLUTI,,12,12,12,19,,,,NE,,,,,,,,,,,,,,,,,,,,,,,,
13,2010,20,,GRETI,,9,,9,16,,,,NE,,,,,,,,,,,,,,,,,,,,,,,,
14,2010,18,,BLUTI,,10,,6,20,,,,NE,,,,,,,,,,,,,,,,,,,,,,,,
15,2010,16,,GRETI,,10,,7,14,,,,NE,,,,,,,,,,,,,,,,,,,,,,,,
16,2010,14,,BLUTI,,15,,15,14,,,,NE,,,,,,,,,,,,,,,,,,,,,,,,
17,2010,12,,GT/BT,,10,,0,16,,,,XD,,,,,,,,,,,,,,,,,,,,,,,,GT(5)/BT(8) - GT started first
18,2010,10,,BLUTI,,12,12,12,17,,,,NE,,,,,,,,,,,,,,,,,,,,,,,,
19,2010,8,,GRETI,,9,,9,16,,,,NE,,,,,,,,,,,,,,,,,,,,,,,,
20,2010,6,,BLUTI,,13,,11,18,,,,NE,,,,,,,,,,,,,,,,,,,,,,,,
21,2010,2,,BLUTI,,10,,0,20,,,,XD,,,,,,,,,,,,,,,,,,,,,,,,Failed
22,2010,101,,BLUTI,,11,,10,16,,,,NE,,,,,,,,,,,,,,,,,,,,,,,,
23,2010,102,,BLUTI,,12,,0,25,,,,XP,,,,,,,,,,,,,,,,,,,,,,,,Predated
24,2010,103,,BLUTI,,11,,10,26,,,,NE,,,,,,,,,,,,,,,,,,,,,,,,
25,2010,104,,BLUTI,,9,,0,19,,,,XP,,,,,,,,,,,,,,,,,,,,,,,,Predated
26,2010,29,,GRETI,,9,,9,22,,,,NE,,,,,,,,,,,,,,,,,,,,,,,,
27,2010,30,,BLUTI,,12,12,12,16,,,,NE,,,,,,,,,,,,,,,,,,,,,,,,
28,2010,31,,BLUTI,,12,,11,18,,,,NE,,,,,,,,,,,,,,,,,,,,,,,,
29,2010,702,,BLUTI,,12,,11,19,,,,NE,,,,,,,,,,,,,,,,,,,,,,,,
30,2010,703,,BLUTI,,10,,6,16,,,,NE,,,,,,,,,,,,,,,,,,,,,,,,
31,2010,704,,BLUTI,,11,,9,21,,,,NE,,,,,,,,,,,,,,,,,,,,,,,,
32,2010,705,,BLUTI,,9,,9,18,,,,NE,,,,,,,,,,,,,,,,,,,,,,,,
33,2010,706,,BLUTI,,13,,10,18,,,,NE,,,,,,,,,,,,,,,,,,,,,,,,
34,2010,707,,BLUTI,,11,,9,19,,,,NE,,,,,,,,,,,,,,,,,,,,,,,,
35,2010,708,,BLUTI,,10,,10,14,,,,NE,,,,,,,,,,,,,,,,,,,,,,,,
36,2010,709,,GRETI,,8,,7,18,,,,NE,,,,,,,,,,,,,,,,,,,,,,,,
37,2010,710,,GRETI,,8,,,31,,,,OU,,,,,,,,,,,,,,,,,,,,,,,,Not followed up after 11 May
38,2011,1,,GRETI,,11,,11,13,,,,NE,,,,,,,,,,,,,,,,,,,,,,,,
39,2011,3,,BLUTI,,9,,5,12,,,,NE,,,,,,,,,,,,,,,,,,,,,,,,
40,2011,7,,BLUTI,,11,,11,13,,,,NE,,,,,,,,,,,,,,,,,,,,,,,,
41,2011,9,,GRETI,,11,,0,4,,,,XD,,,,,,,,,,,,,,,,,,,,,,,,Failed
42,2011,11,,BLUTI,,13,13,13,7,,,,NE,,,,,,,,,,,,,,,,,,,,,,,,
43,2011,13,,GRETI,,,0,0,16,,,,EO,,,,,,,,,,,,,,,,,,,,,,,,N2 on 10/4; 1 egg on 16/4; failed by 24/4
44,2011,15,,BLUTI,,10,,0,14,,,,XD,,,,,,,,,,,,,,,,,,,,,,,,Failed
45,2011,17,,GRETI,,,0,0,15,,,,ED,,,,,,,,,,,,,,,,,,,,,,,,N2 on 10/4; 2 eggs on 16/4; 2 eggs on 24/4
46,2011,19,,BLUTI,,11,,0,10,,,,XD,,,,,,,,,,,,,,,,,,,,,,,,Failed
47,2011,21,,BLUTI,,11,,10,10,,,,NE,,,,,,,,,,,,,,,,,,,,,,,,
48,2011,22,,BLUTI,,10,,10,14,,,,NE,,,,,,,,,,,,,,,,,,,,,,,,
49,2011,20,,GRETI,,9,,0,12,,,,XD,,,,,,,,,,,,,,,,,,,,,,,,Failed
50,2011,18,,BLUTI,,10,,10,20,,,,NE,,,,,,,,,,,,,,,,,,,,,,,,
51,2011,16,,GRETI,,9,,0,13,,,,XD,,,,,,,,,,,,,,,,,,,,,,,,Failed
52,2011,14,,BLUTI,,10,,9,10,,,,NE,,,,,,,,,,,,,,,,,,,,,,,,
53,2011,12,,BLUTI,,12,,11,10,,,,NE,,,,,,,,,,,,,,,,,,,,,,,,
54,2011,10,,BLUTI,,15,,15,3,,,,NE,,,,,,,,,,,,,,,,,,,,,,,,
55,2011,8,,BLUTI,,8,,5,26,,,,NE,,,,,,,,,,,,,,,,,,,,,,,,
56,2011,6,,BLUTI,,7,,0,18,,,,XD,,,,,,,,,,,,,,,,,,,,,,,,Failed
57,2011,4,,GRETI,,9,,0,15,,,,XD,,,,,,,,,,,,,,,,,,,,,,,,Failed
58,2011,2,,BLUTI,,,0,0,14,,,,EO,,,,,,,,,,,,,,,,,,,,,,,,N2 on 10/4; 3 eggs on 16/4; failed by 24/4
59,2011,223,,BLUTI,,8,,8,13,,,,NE,,,,,,,,,,,,,,,,,,,,,,,,
60,2011,224,,BLUTI,,7,,7,14,,,,NE,,,,,,,,,,,,,,,,,,,,,,,,
61,2011,101,,BLUTI,,12,,0,14,,,,XD,,,,,,,,,,,,,,,,,,,,,,,,Failed
62,2011,102,,BLUTI,,9,,0,21,,,,XD,,,,,,,,,,,,,,,,,,,,,,,,Failed
63,2011,103,,GRETI,,6,,6,13,,,,NE,,,,,,,,,,,,,,,,,,,,,,,,
64,2011,104,,BLUTI,,,,0,11,,,,XD,,,,,,,,,,,,,,,,,,,,,,,,Failed
65,2011,105,,BLUTI,,7,,7,27,,,,NE,,,,,,,,,,,,,,,,,,,,,,,,
66,2011,29,,GRETI,,11,,0,14,,,,XD,,,,,,,,,,,,,,,,,,,,,,,,Failed
67,2011,30,,BLUTI,,9,,0,15,,,,XD,,,,,,,,,,,,,,,,,,,,,,,,Failed
68,2011,31,,BLUTI,,9,,8,16,,,,NE,,,,,,,,,,,,,,,,,,,,,,,,
69,2011,D5,,GRETI,,9,,9,11,,,,NE,,,,,,,,,,,,,,,,,,,,,,,,
70,2011,D14A,,BLUTI,,12,12,12,16,,,,NE,,,,,,,,,,,,,,,,,,,,,,,,
71,2011,D10,,BLUTI,,,0,0,12,,,,EP,,,,,,,,,,,,,,,,,,,,,,,,1 egg on 12/4; empty on 16/4
72,2011,D13,,GRETI,,9,,0,14,,,,XD,,,,,,,,,,,,,,,,,,,,,,,,Failed
73,2011,D14,,BLUTI,,9,,9,13,,,,NE,,,,,,,,,,,,,,,,,,,,,,,,
74,2011,D16,,BLUTI,,11,11,11,11,,,,NE,,,,,,,,,,,,,,,,,,,,,,,,
75,2011,D17,,GRETI,,,0,0,43,,,,EO,,,,,,,,,,,,,,,,,,,,,,,,N2 on 1/5; 3 eggs on 15/5; failed by 18/5
76,2011,D18,,BLUTI,,10,,9,14,,,,NE,,,,,,,,,,,,,,,,,,,,,,,,
77,2011,701,,BLUTI,,,0,0,26,,,,EO,,,,,,,,,,,,,,,,,,,,,,,,N3 on 24/4; 6 eggs on 1/5; failed by 15/5
78,2011,702,,BLUTI,,10,,0,13,,,,XD,,,,,,,,,,,,,,,,,,,,,,,,Failed
79,2011,703,,GRETI,,6,,8,24,,,,NE,,,,,,,,,,,,,,,,,,,,,,,,
80,2011,704,,BLUTI,,9,,7,20,,,,NE,,,,,,,,,,,,,,,,,,,,,,,,
81,2011,705,,GRETI,,10,,8,8,,,,NE,,,,,,,,,,,,,,,,,,,,,,,,
82,2011,706,,BLUTI,,12,,7,11,,,,NE,,,,,,,,,,,,,,,,,,,,,,,,
83,2011,707,,BLUTI,,10,,0,15,,,,XD,,,,,,,,,,,,,,,,,,,,,,,,Failed
84,2011,708,,BLUTI,,11,,0,9,,,,XD,,,,,,,,,,,,,,,,,,,,,,,,Failed
85,2011,710,,GRETI,,8,,8,12,,,,NE,,,,,,,,,,,,,,,,,,,,,,,,
86,2011,601,,BLUTI,,9,,9,14,,,,NE,,,,,,,,,,,,,,,,,,,,,,,,
87,2011,602,,BLUTI,,8,,8,14,,,,NE,,,,,,,,,,,,,,,,,,,,,,,,
88,2011,603,,BLUTI,,8,,8,12,,,,NE,,,,,,,,,,,,,,,,,,,,,,,,
89,2011,604,,BLUTI,,12,12,12,9,,,,NE,,,,,,,,,,,,,,,,,,,,,,,,
90,2011,605,,BLUTI,,12,12,12,12,,,,NE,,,,,,,,,,,,,,,,,,,,,,,,
91,2011,606,,GRETI,,10,,7,12,,,,NE,,,,,,,,,,,,,,,,,,,,,,,,
92,2011,607,,BLUTI,,10,,11,8,,,,NE,,,,,,,,,,,,,,,,,,,,,,,,
93,2011,608,,GRETI,,7,,5,13,,,,NE,,,,,,,,,,,,,,,,,,,,,,,,
94,2011,711,,BLUTI,,8,,7,,,,,NE,,,,,,,,,,,,,,,,,,,,,,,,N4 on 12/4; 8 eggs on 24/4; ringable young on 15/5 
95,2011,718,,BLUTI,,,0,0,21,,,,EO,,,,,,,,,,,,,,,,,,,,,,,,4 eggs on 24/4; failed by 1/5
96,2011,720,,GRETI,,8,,0,,,,,JO,,,,,,,,,,,,,,,,,,,,,,,,8 eggs on 12/4; 6 young (< 6 days) on 24/4; failed by 1/5
97,2012,1,,GRETI,,7,,7,15,,,,NE,,,,,,,,,,,,,,,,,,,,,,,,
98,2012,3,,BLUTI,,6,,0,13,,,,XD,,,,,,,,,,,,,,,,,,,,,,,,Failed
99,2012,5,,GRETI,,7,,0,28,,,,XD,,,,,,,,,,,,,,,,,,,,,,,,Failed
100,2012,7,,BLUTI,,9,,0,22,,,,XD,,,,,,,,,,,,,,,,,,,,,,,,Failed
101,2012,11,,BLUTI,,9,,2,6,,,,NE,,,,,,,,,,,,,,,,,,,,,,,,
102,2012,13,,GRETI,,7,,5,16,,,,NE,,,,,,,,,,,,,,,,,,,,,,,,
103,2012,15,,BLUTI,,11,11,11,16,,,,NE,,,,,,,,,,,,,,,,,,,,,,,,
104,2012,17,,GRETI,,6,,6,11,,,,NE,,,,,,,,,,,,,,,,,,,,,,,,
105,2012,19,,BLUTI,,11,11,11,4,,,,NE,,,,,,,,,,,,,,,,,,,,,,,,
106,2012,21,,BLUTI,,8,,12,13,,,,NE,,,,,,,,,,,,,,,,,,,,,,,,
107,2012,22,,BLUTI,,8,,8,20,,,,NE,,,,,,,,,,,,,,,,,,,,,,,,
108,2012,20,,GRETI,,9,,6,6,,,,NE,,,,,,,,,,,,,,,,,,,,,,,,
109,2012,18,,BLUTI,,11,,9,6,,,,NE,,,,,,,,,,,,,,,,,,,,,,,,
110,2012,16,,GRETI,,10,,4,5,,,,NE,,,,,,,,,,,,,,,,,,,,,,,,
111,2012,14,,BLUTI,,10,,10,16,,,,NE,,,,,,,,,,,,,,,,,,,,,,,,
112,2012,12,,GRETI,,9,,4,21,,,,NE,,,,,,,,,,,,,,,,,,,,,,,,
113,2012,10,,BLUTI,,10,,9,4,,,,NE,,,,,,,,,,,,,,,,,,,,,,,,
114,2012,6,,BLUTI,,6,,9,21,,,,NE,,,,,,,,,,,,,,,,,,,,,,,,
115,2012,4,,GRETI,,7,,8,14,,,,NE,,,,,,,,,,,,,,,,,,,,,,,,
116,2012,2,,BLUTI,,12,,11,26,,,,NE,,,,,,,,,,,,,,,,,,,,,,,,
117,2012,223,,BLUTI,,7,,6,16,,,,NE,,,,,,,,,,,,,,,,,,,,,,,,
118,2012,221,,BLUTI,,6,,6,16,,,,NE,,,,,,,,,,,,,,,,,,,,,,,,
119,2012,219,,BLUTI,,8,,6,21,,,,NE,,,,,,,,,,,,,,,,,,,,,,,,
120,2012,217,,GRETI,,4,,3,13,,,,NE,,,,,,,,,,,,,,,,,,,,,,,,
121,2012,215,,BLUTI,,10,,10,7,,,,NE,,,,,,,,,,,,,,,,,,,,,,,,
122,2012,102,,BLUTI,,6,,0,23,,,,XD,,,,,,,,,,,,,,,,,,,,,,,,Failed
123,2012,105,,BLUTI,,7,,3,24,,,,NE,,,,,,,,,,,,,,,,,,,,,,,,
124,2012,30,,BLUTI,,10,,10,20,,,,NE,,,,,,,,,,,,,,,,,,,,,,,,
125,2012,31,,BLUTI,,10,,8,14,,,,NE,,,,,,,,,,,,,,,,,,,,,,,,
126,2012,D12,,BLUTI,,8,,8,21,,,,NE,,,,,,,,,,,,,,,,,,,,,,,,
127,2012,D13,,GRETI,,6,,6,17,,,,NE,,,,,,,,,,,,,,,,,,,,,,,,
128,2012,D15,,GRETI,,9,,8,11,,,,NE,,,,,,,,,,,,,,,,,,,,,,,,
129,2012,D16,,BLUTI,,10,,10,9,,,,NE,,,,,,,,,,,,,,,,,,,,,,,,
130,2012,D17,,BLUTI,,10,,9,12,,,,NE,,,,,,,,,,,,,,,,,,,,,,,,
131,2012,D18,,GRETI,,6,,6,16,,,,NE,,,,,,,,,,,,,,,,,,,,,,,,
132,2012,D2,,BLUTI,,10,,7,15,,,,NE,,,,,,,,,,,,,,,,,,,,,,,,
133,2012,D3,,BLUTI,,11,,10,5,,,,NE,,,,,,,,,,,,,,,,,,,,,,,,
134,2012,D8,,GRETI,,6,,6,20,,,,NE,,,,,,,,,,,,,,,,,,,,,,,,
135,2012,D9,,BLUTI,,7,,9,29,,,,NE,,,,,,,,,,,,,,,,,,,,,,,,
136,2012,D11A,,BLUTI,,9,,5,28,,,,NE,,,,,,,,,,,,,,,,,,,,,,,,
137,2012,D13A,,BLUTI,,11,11,11,15,,,,NE,,,,,,,,,,,,,,,,,,,,,,,,
138,2012,701,,BLUTI,,11,,8,10,,,,NE,,,,,,,,,,,,,,,,,,,,,,,,
139,2012,702,,BLUTI,,6,,6,30,,,,NE,,,,,,,,,,,,,,,,,,,,,,,,
140,2012,703,,GRETI,,8,,4,5,,,,NE,,,,,,,,,,,,,,,,,,,,,,,,
141,2012,704,,BLUTI,,11,,8,5,,,,NE,,,,,,,,,,,,,,,,,,,,,,,,
142,2012,705,,BLUTI,,13,,0,6,,,,XD,,,,,,,,,,,,,,,,,,,,,,,,Failed
143,2012,706,,BLUTI,,9,,7,7,,,,NE,,,,,,,,,,,,,,,,,,,,,,,,
144,2012,707,,BLUTI,,9,,9,8,,,,NE,,,,,,,,,,,,,,,,,,,,,,,,
145,2012,708,,BLUTI,,12,,6,4,,,,NE,,,,,,,,,,,,,,,,,,,,,,,,
146,2012,710,,GRETI,,9,,8,8,,,,NE,,,,,,,,,,,,,,,,,,,,,,,,
147,2012,H1,,BLUTI,,9,,10,20,,,,NE,,,,,,,,,,,,,,,,,,,,,,,,
148,2012,601,,GRETI,,8,,5,9,,,,NE,,,,,,,,,,,,,,,,,,,,,,,,
149,2012,602,,BLUTI,,9,,9,26,,,,NE,,,,,,,,,,,,,,,,,,,,,,,,
150,2012,603,,BLUTI,,9,,9,20,,,,NE,,,,,,,,,,,,,,,,,,,,,,,,
151,2012,604,,GRETI,,8,,5,14,,,,NE,,,,,,,,,,,,,,,,,,,,,,,,
152,2012,605,,BLUTI,,9,,11,7,,,,NE,,,,,,,,,,,,,,,,,,,,,,,,
153,2012,606,,GRETI,,9,,9,10,,,,NE,,,,,,,,,,,,,,,,,,,,,,,,
154,2012,607,,BLUTI,,5,,3,16,,,,NE,,,,,,,,,,,,,,,,,,,,,,,,
155,2012,608,,BLUTI,,13,,2,7,,,,NE,,,,,,,,,,,,,,,,,,,,,,,,
156,2012,609,,BLUTI,,9,,7,6,,,,NE,,,,,,,,,,,,,,,,,,,,,,,,
157,2012,610,,BLUTI,,11,,7,23,,,,NE,,,,,,,,,,,,,,,,,,,,,,,,
158,2012,711,,BLUTI,,11,,0,7,,,,XP,,,,,,,,,,,,,,,,,,,,,,,,Predated
159,2012,714,,BLUTI,,9,,0,3,,,,XP,,,,,,,,,,,,,,,,,,,,,,,,Predated
160,2012,716,,BLUTI,,10,,9,24,,,,NE,,,,,,,,,,,,,,,,,,,,,,,,
161,2012,718,,GRETI,,7,,7,23,,,,NE,,,,,,,,,,,,,,,,,,,,,,,,
162,2012,719,,BLUTI,,8,,2,7,,,,NE,,,,,,,,,,,,,,,,,,,,,,,,
163,2012,720,,GRETI,,8,,0,8,,,,XD,,,,,,,,,,,,,,,,,,,,,,,,Failed
164,2012,721,,BLUTI,,9,,10,22,,,,NE,,,,,,,,,,,,,,,,,,,,,,,,
165,2012,722,,BLUTI,,9,,0,9,,,,XD,,,,,,,,,,,,,,,,,,,,,,,,Failed
166,2012,723,,BLUTI,,9,,0,11,,,,XD,,,,,,,,,,,,,,,,,,,,,,,,Failed
167,2013,1,,GRETI,,9,,7,39,,,,NE,,,,,,,,,,,,,,,,,,,,,,,,
168,2013,3,,BLUTI,,9,,8,29,,,,NE,,,,,,,,,,,,,,,,,,,,,,,,
169,2013,7,,BLUTI,,9,,6,32,,,,NE,,,,,,,,,,,,,,,,,,,,,,,,
170,2013,11,,BLUTI,,10,,7,29,,,,NE,,,,,,,,,,,,,,,,,,,,,,,,
171,2013,13,,GRETI,,7,,0,29,,,,XE,,,,,,,,,,,,,,,,,,,,,,,,Failed - empty
172,2013,15,,BLUTI,,9,,9,33,,,,NE,,,,,,,,,,,,,,,,,,,,,,,,
173,2013,17,,GRETI,,6,,6,37,,,,NE,,,,,,,,,,,,,,,,,,,,,,,,
174,2013,19,,BLUTI,,9,,9,28,,,,NE,,,,,,,,,,,,,,,,,,,,,,,,
175,2013,21,,GRETI,,5,,5,34,,,,NE,,,,,,,,,,,,,,,,,,,,,,,,
176,2013,22,,BLUTI,,11,,10,30,,,,NE,,,,,,,,,,,,,,,,,,,,,,,,
177,2013,20,,GRETI,,9,,2,27,,,,NE,,,,,,,,,,,,,,,,,,,,,,,,
178,2013,18,,BLUTI,,9,,10,32,,,,NE,,,,,,,,,,,,,,,,,,,,,,,,
179,2013,16,,BLUTI,,8,,8,36,,,,NE,,,,,,,,,,,,,,,,,,,,,,,,
180,2013,14,,BLUTI,,10,,0,33,,,,XD,,,,,,,,,,,,,,,,,,,,,,,,Failed - deserted
181,2013,12,,BLUTI,,11,,7,37,,,,NE,,,,,,,,,,,,,,,,,,,,,,,,
182,2013,10,,BLUTI,,10,10,10,40,,,,NE,,,,,,,,,,,,,,,,,,,,,,,,
183,2013,6,,BLUTI,,11,,9,29,,,,NE,,,,,,,,,,,,,,,,,,,,,,,,
184,2013,4,,GRETI,,7,,7,29,,,,NE,,,,,,,,,,,,,,,,,,,,,,,,
185,2013,2,,BLUTI,,8,,11,35,,,,NE,,,,,,,,,,,,,,,,,,,,,,,,
186,2013,224,,GRETI,,7,,6,30,,,,NE,,,,,,,,,,,,,,,,,,,,,,,,
187,2013,221,,BLUTI,,7,,11,34,,,,NE,,,,,,,,,,,,,,,,,,,,,,,,
188,2013,219,,GRETI,,6,,6,34,,,,NE,,,,,,,,,,,,,,,,,,,,,,,,
189,2013,217,,BLUTI,,10,10,10,32,,,,NE,,,,,,,,,,,,,,,,,,,,,,,,
190,2013,215,,BLUTI,,12,,0,27,,,,XD,,,,,,,,,,,,,,,,,,,,,,,,Failed - deserted
191,2013,102,,BLUTI,,9,,8,31,,,,NE,,,,,,,,,,,,,,,,,,,,,,,,
192,2013,104,,BLUTI,,6,,0,37,,,,XD,,,,,,,,,,,,,,,,,,,,,,,,Failed - deserted
193,2013,105,,BLUTI,,7,,7,35,,,,NE,,,,,,,,,,,,,,,,,,,,,,,,
194,2013,30,,BLUTI,,11,11,11,32,,,,NE,,,,,,,,,,,,,,,,,,,,,,,,
195,2013,31,,BLUTI,,8,,6,29,,,,NE,,,,,,,,,,,,,,,,,,,,,,,,
196,2013,D23,,BLUTI,,,,8,,,8,,NE,,,,,,,,,,,,,,,,,,,,,,,,Not able to check until feeding chicks
197,2013,D25,,BLUTI,,,,8,,,8,,NE,,,,,,,,,,,,,,,,,,,,,,,,Not able to check until feeding chicks
198,2013,D26,,GRETI,,,,7,,,7,,NE,,,,,,,,,,,,,,,,,,,,,,,,Not able to check until feeding chicks
199,2013,D29,,BLUTI,,,,8,,,8,,NE,,,,,,,,,,,,,,,,,,,,,,,,Not able to check until feeding chicks
200,2013,D3,,BLUTI,,11,11,11,33,,5,,NE,,,,,,,,,,,,,,,,,,,,,,,,
201,2013,D5,,GRETI,,8,8,8,,,8,,NE,,,,,,,,,,,,,,,,,,,,,,,,empty on 21/4; 8 eggs on 7/5
202,2013,D7,,GRETI,,8,8,8,,,8,,NE,,,,,,,,,,,,,,,,,,,,,,,,empty on 21/4; 8 eggs on 7/5
203,2013,D9,,GRETI,,7,,6,33,,5,,NE,,,,,,,,,,,,,,,,,,,,,,,,
204,2013,D10A,,BLUTI,,12,,11,31,,6,,NE,,,,,,,,,,,,,,,,,,,,,,,,
205,2013,D13A,,BLUTI,,10,,0,28,,9,,XD,,,,,,,,,,,,,,,,,,,,,,,,Failed - deserted
206,2013,D14A,,GRETI,,8,,6,37,,5,,NE,,,,,,,,,,,,,,,,,,,,,,,,
207,2013,702,,GRETI,,7,,0,28,,9,,XP,,,,,,,,,,,,,,,,,,,,,,,,Predated
208,2013,703,,BLUTI,,11,11,11,27,,7,,NE,,,,,,,,,,,,,,,,,,,,,,,,
209,2013,704,,BLUTI,,,0,0,27,,5,,EP,,,,,,,,,,,,,,,,,,,,,,,,2 eggs on 28/4; 10 eggs on 6/5; predated by 12/5 
210,2013,705,,GRETI,,6,,5,26,,8,,NE,,,,,,,,,,,,,,,,,,,,,,,,
211,2013,706,,BLUTI,,13,,5,27,,7,,NE,,,,,,,,,,,,,,,,,,,,,,,,
212,2013,707,,BLUTI,,6,0,0,41,,7,,ED,,,,,,,,,,,,,,,,,,,,,,,,Failed to hatch
213,2013,708,,BLUTI,,,0,0,36,,6,,EP,,,,,,,,,,,,,,,,,,,,,,,,1 egg on 6/5; 7 eggs on 12/5; predated by 19/5 
214,2013,H1,,BLUTI,,4,,0,28,,5,,XP,,,,,,,,,,,,,,,,,,,,,,,,Predated
215,2013,601,,GRETI,,8,,7,27,,9,,NE,,,,,,,,,,,,,,,,,,,,,,,,
216,2013,602,,GRETI,,6,,0,35,,5,,XD,,,,,,,,,,,,,,,,,,,,,,,,Failed
217,2013,603,,BLUTI,,9,,9,33,,4,,NE,,,,,,,,,,,,,,,,,,,,,,,,
218,2013,604,,GRETI,,8,,8,26,,5,,NE,,,,,,,,,,,,,,,,,,,,,,,,
219,2013,606,,GRETI,,8,,7,29,,4,,NE,,,,,,,,,,,,,,,,,,,,,,,,
220,2013,607,,GRETI,,8,,8,29,,4,,NE,,,,,,,,,,,,,,,,,,,,,,,,
221,2013,608,,BLUTI,,13,13,13,31,,5,,NE,,,,,,,,,,,,,,,,,,,,,,,,
222,2013,609,,BLUTI,,11,11,11,31,,5,,NE,,,,,,,,,,,,,,,,,,,,,,,,
223,2013,610,,BLUTI,,13,,9,31,,6,,NE,,,,,,,,,,,,,,,,,,,,,,,,
224,2013,720,,BLUTI,,10,10,10,33,,4,,NE,,,,,,,,,,,,,,,,,,,,,,,,
225,2013,719,,BLUTI,,8,,6,31,,7,,NE,,,,,,,,,,,,,,,,,,,,,,,,
226,2013,718,,BLUTI,,,,0,28,,4,,XD,,,,,,,,,,,,,,,,,,,,,,,,Failed - deserted
227,2013,717,,BLUTI,,9,,7,29,,6,,NE,,,,,,,,,,,,,,,,,,,,,,,,
228,2013,716,,BLUTI,,12,,11,28,,,,NE,,,,,,,,,,,,,,,,,,,,,,,,
229,2013,723,,BLUTI,,12,,11,27,,,,NE,,,,,,,,,,,,,,,,,,,,,,,,
230,2013,715,,GRETI,,7,,6,38,,,,NE,,,,,,,,,,,,,,,,,,,,,,,,
231,2013,3A,,BLUTI,,,,5,39,,5,,NE,,,,,,,,,,,,,,,,,,,,,,,,
232,2013,9A,,BLUTI,,,,8,38,,8,,NE,,,,,,,,,,,,,,,,,,,,,,,,
233,2013,11A,,BLUTI,,,,8,34,,8,,NE,,,,,,,,,,,,,,,,,,,,,,,,
234,2013,5B,,BLUTI,,,,5,41,,5,,NE,,,,,,,,,,,,,,,,,,,,,,,,
235,2013,9B,,BLUTI,,,,6,40,,6,,NE,,,,,,,,,,,,,,,,,,,,,,,,
236,2013,12B,,BLUTI,,,,9,37,,9,,NE,,,,,,,,,,,,,,,,,,,,,,,,
237,2013,21B,,GRETI,,,,5,41,,5,,NE,,,,,,,,,,,,,,,,,,,,,,,,
238,2013,22B,,BLUTI,,,,9,34,,9,,NE,,,,,,,,,,,,,,,,,,,,,,,,
239,2013,25B,,BLUTI,,,,7,35,,7,,NE,,,,,,,,,,,,,,,,,,,,,,,,
240,2013,28B,,BLUTI,,,,5,41,,5,,NE,,,,,,,,,,,,,,,,,,,,,,,,
241,2013,30B,,BLUTI,,,,8,30,,8,,NE,,,,,,,,,,,,,,,,,,,,,,,,
242,2013,33B,,BLUTI,,,,7,35,,7,,NE,,,,,,,,,,,,,,,,,,,,,,,,
243,2013,37B,,GRETI,,,,7,35,,7,,NE,,,,,,,,,,,,,,,,,,,,,,,,
244,2013,38B,,BLUTI,,,,6,36,,6,,NE,,,,,,,,,,,,,,,,,,,,,,,,
245,2013,1C,,BLUTI,,,,5,44,,5,,NE,,,,,,,,,,,,,,,,,,,,,,,,
246,2013,2C,,BLUTI,,,0,0,,,,,ED,,,,,,,,,,,,,,,,,,,,,,,,
247,2013,6C,,BLUTI,,,,0,,,,,JD,,,,,,,,,,,,,,,,,,,,,,,,
248,2013,8C,,GRETI,,,,9,33,,9,,NE,,,,,,,,,,,,,,,,,,,,,,,,
249,2013,12C,,GRETI,,,,5,37,,5,,NE,,,,,,,,,,,,,,,,,,,,,,,,
250,2013,17C,,BLUTI,,,,4,38,,4,,NE,,,,,,,,,,,,,,,,,,,,,,,,
251,2013,18C,,GRETI,,,,5,37,,5,,NE,,,,,,,,,,,,,,,,,,,,,,,,
252,2013,21C,,BLUTI,,,,4,34,,4,,NE,,,,,,,,,,,,,,,,,,,,,,,,
253,2013,23C,,BLUTI,,,,4,34,,4,,NE,,,,,,,,,,,,,,,,,,,,,,,,
254,2013,24C,,BLUTI,,,,5,41,,5,,NE,,,,,,,,,,,,,,,,,,,,,,,,
255,2013,2D,,BLUTI,,,,5,37,,5,,NE,,,,,,,,,,,,,,,,,,,,,,,,
256,2013,5D,,BLUTI,,,,6,36,,6,,NE,,,,,,,,,,,,,,,,,,,,,,,,
257,2013,15D,,BLUTI,,,,4,42,,4,,NE,,,,,,,,,,,,,,,,,,,,,,,,
258,2013,17D,,BLUTI,,,,7,31,,7,,NE,,,,,,,,,,,,,,,,,,,,,,,,
259,2014,1A,,GRETI,,5,5,4,14,,4,,NE,,,,,,,,,,,,,,,,,,,,,,,,Y
260,2014,3A,,BLUTI,,9,7,7,14,,6,,NE,,,,,,,,,,,,,,,,,,,,,,,,Y
261,2014,7A,,BLUTI,,,0,0,,,,3,ED,,,,,,,,,,,,,,,,,,,,,,,,N
262,2014,9A,,BLUTI,,9,9,9,17,,,,NE,,,,,,,,,,,,,,,,,,,,,,,,Y
263,2014,1B,,BLUTI,,9,9,7,19,,,,NE,,,,,,,,,,,,,,,,,,,,,,,,Y
264,2014,5B,,BLUTI,,11,10,10,15,, ,,NE,,,,,,,,,,,,,,,,,,,,,,,,Y
265,2014,9B,,BLUTI,,7,4,1,22,,,,NE,,,,,,,,,,,,,,,,,,,,,,,,Y
266,2014,17B,,BLUTI,,7,7,5,26,,,,NE,,,,,,,,,,,,,,,,,,,,,,,,Y
267,2014,22B,,BLUTI,,13,11,4,10,,,,NE,,,,,,,,,,,,,,,,,,,,,,,,Y
268,2014,25B,,BLUTI,,11,10,10,13,,,,NE,,,,,,,,,,,,,,,,,,,,,,,,Y
269,2014,29B,,GRETI,,8,8,3,26,,,,NE,,,,,,,,,,,,,,,,,,,,,,,,Y
270,2014,30B,,BLUTI,,11,0,0,18,,,11,ED,,,,,,,,,,,,,,,,,,,,,,,,N
271,2014,31B,,BLUTI,,10,9,9,16,,,,NE,,,,,,,,,,,,,,,,,,,,,,,,Y
272,2014,32B,,BLUTI,,8,8,8,15,,,,NE,,,,,,,,,,,,,,,,,,,,,,,,Y
273,2014,37B,,GRETI,,9,8,8,17,,,,NE,,,,,,,,,,,,,,,,,,,,,,,,Y
274,2014,38B,,BLUTI,,9,9,8,10,,,,NE,,,,,,,,,,,,,,,,,,,,,,,,Y
275,2014,1C,,BLUTI,,9,9,9,17,,,,NE,,,,,,,,,,,,,,,,,,,,,,,,Y
276,2014,2C,,BLUTI,,9,9,9,10,,,,NE,,,,,,,,,,,,,,,,,,,,,,,,Y
277,2014,16C,,BLUTI,,8,7,7,20,,,,NE,,,,,,,,,,,,,,,,,,,,,,,,Y
278,2014,18C,,GRETI,,8,8,5,28,,,,NE,,,,,,,,,,,,,,,,,,,,,,,,Y
279,2014,21C,,BLUTI,,9,8,8,10,,,,NE,,,,,,,,,,,,,,,,,,,,,,,,Y
280,2014,24C,,BLUTI,,9,4,4,15,,,,NE,,,,,,,,,,,,,,,,,,,,,,,,Y
281,2014,1D,,GRETI,,7,7,7,16,,,,NE,,,,,,,,,,,,,,,,,,,,,,,,Y
282,2014,3D,,BLUTI,,10,8,0,18,,,,JD,,,,,,,,,,,,,,,,,,,,,,,,Y
283,2014,5D,,GRETI,,9,9,9,14,,,,NE,,,,,,,,,,,,,,,,,,,,,,,,Y
284,2014,6D,,BLUTI,,11,10,8,23,,,,NE,,,,,,,,,,,,,,,,,,,,,,,,Y
285,2014,8D,,BLUTI,,7,7,7,8,,,,NE,,,,,,,,,,,,,,,,,,,,,,,,Y
286,2014,12D,,BLUTI,,13,6,5,13,,,,NE,,,,,,,,,,,,,,,,,,,,,,,,Y
287,2014,14D,,BLUTI,,7,7,7,41,,,,NE,,,,,,,,,,,,,,,,,,,,,,,,Y
288,2014,16D,,GRETI,,7,7,7,7,,,,NE,,,,,,,,,,,,,,,,,,,,,,,,Y
289,2014,17D,,BLUTI,,10,9,9,10,,,,NE,,,,,,,,,,,,,,,,,,,,,,,,Y
290,2014,19D,,GRETI,,8,8,8,15,,,,NE,,,,,,,,,,,,,,,,,,,,,,,,Y
291,2015,1A,,GRETI,,5,5,3,24,,,,NE,,,,,,,,,,,,,,,,,,,,,,,,Y
292,2015,4A,,BLUTI,,6,5,5,23,,,,NE,,,,,,,,,,,,,,,,,,,,,,,,Y
293,2015,7A,,BLUTI,,6,5,5,28,,,,NE,,,,,,,,,,,,,,,,,,,,,,,,Y
294,2015,9A,,BLUTI,,9,8,8,17,,,,NE,,,,,,,,,,,,,,,,,,,,,,,,Y
295,2015,10A,,GRETI,,5,4,3,41,,,,NE,,,,,,,,,,,,,,,,,,,,,,,,Y
296,2015,3B,,GRETI,,6,6,5,25,,,,NE,,,,,,,,,,,,,,,,,,,,,,,,Y
297,2015,5B,,BLUTI,,8,8,8,23,,,,NE,,,,,,,,,,,,,,,,,,,,,,,,Y
298,2015,7B,,BLUTI,,9,8,7,25,,,,NE,,,,,,,,,,,,,,,,,,,,,,,,Y
299,2015,8B,,BLUTI,,7,6,2,39,,,,NE,,,,,,,,,,,,,,,,,,,,,,,,Y
300,2015,12B,,BLUTI,,6,6,3,30,,,,NE,,,,,,,,,,,,,,,,,,,,,,,,Y
301,2015,13B,,BLUTI,,,0,0,38,,,8,ED,,,,,,,,,,,,,,,,,,,,,,,,N
302,2015,21B,,GRETI,,5,5,4,34,,,,NE,,,,,,,,,,,,,,,,,,,,,,,,Y
303,2015,22B,,BLUTI,,8,8,8,21,,,,NE,,,,,,,,,,,,,,,,,,,,,,,,Y
304,2015,24B,,BLUTI,,8,8,8,21,,,,NE,,,,,,,,,,,,,,,,,,,,,,,,Y
305,2015,29B,,GRETI,,6,6,6,23,,,,NE,,,,,,,,,,,,,,,,,,,,,,,,Y
306,2015,30B,,BLUTI,,9,8,8,16,,,,NE,,,,,,,,,,,,,,,,,,,,,,,,Y
307,2015,32B,,BLUTI,,,0,0,37,,,8,ED,,,,,,,,,,,,,,,,,,,,,,,,N
308,2015,34B,,BLUTI,,5,5,5,24,,,,NE,,,,,,,,,,,,,,,,,,,,,,,,Y
309,2015,3C,,BLUTI,,8,8,8,21,,,,NE,,,,,,,,,,,,,,,,,,,,,,,,Y
310,2015,9C,,BLUTI,,5,5,4,24,,,,NE,,,,,,,,,,,,,,,,,,,,,,,,Y
311,2015,11C,,BLUTI,,8,4,3,29,,,,NE,,,,,,,,,,,,,,,,,,,,,,,,Y
312,2015,12C,,BLUTI,,,,4,25,,4,,NE,,,,,,,,,,,,,,,,,,,,,,,,Y
313,2015,16C,,BLUTI,,7,7,7,22,,,,NE,,,,,,,,,,,,,,,,,,,,,,,,Y
314,2015,18C,,GRETI,,5,5,0,34,,,,JD,,,,,,,,,,,,,,,,,,,,,,,,Y
315,2015,21C,,BLUTI,,9,9,7,21,,,,NE,,,,,,,,,,,,,,,,,,,,,,,,Y
316,2015,23C,,GRETI,,5,5,4,35,,,,NE,,,,,,,,,,,,,,,,,,,,,,,,Y
317,2015,24C,,GRETI,,7,7,3,39,,,,NE,,,,,,,,,,,,,,,,,,,,,,,,Y
318,2015,1D,,GRETI,,6,6,6,20,,,,NE,,,,,,,,,,,,,,,,,,,,,,,,Y
319,2015,5D,,BLUTI,,10,10,10,15,,,,NE,,,,,,,,,,,,,,,,,,,,,,,,Y
320,2015,7D,,BLUTI,,7,7,4,23,,,,NE,,,,,,,,,,,,,,,,,,,,,,,,Y
321,2015,9D,,BLUTI,,7,7,7,30,,,,NE,,,,,,,,,,,,,,,,,,,,,,,,Y
322,2015,10D,,BLUTI,,12,12,12,22,,,,NE,,,,,,,,,,,,,,,,,,,,,,,,Y
323,2015,16D,,GRETI,,8,8,8,26,,,,NE,,,,,,,,,,,,,,,,,,,,,,,,Y
324,2015,17D,,BLUTI,,,0,0,47,,,3,ED,,,,,,,,,,,,,,,,,,,,,,,,N
325,2015,19D,,GRETI,,6,6,6,15,,,,NE,,,,,,,,,,,,,,,,,,,,,,,,Y
326,2015,20D,,BLUTI,,11,0,0,34,,,11,ED,,,,,,,,,,,,,,,,,,,,,,,,N
327,2016,1A,,GRETI,,5,4,4,21,,,,NE,,,,,,,,,,,,,,,,,,,,,,,,Y
328,2016,5A,,BLUTI,,7,4,4,33,,,,NE,,,,,,,,,,,,,,,,,,,,,,,,Y
329,2016,9A,,BLUTI,,9,8,0,20,,,1,JD,,,,,,,,,,,,,,,,,,,,,,,,Y
330,2016,10A,,GRETI,,5,4,4,39,,,,NE,,,,,,,,,,,,,,,,,,,,,,,,Y
331,2016,1B,,BLUTI,,8,6,0,27,,,,JD,,,,,,,,,,,,,,,,,,,,,,,,Y
332,2016,3B,,GRETI,,6,3,0,29,,,,JD,,,,,,,,,,,,,,,,,,,,,,,,Y
333,2016,5B,,BLUTI,,8,6,0,36,,,,JD,,,,,,,,,,,,,,,,,,,,,,,,Y
334,2016,12B,,BLUTI,,8,6,0,27,,,1,JD,,,,,,,,,,,,,,,,,,,,,,,,Y
335,2016,13B,,BLUTI,,9,4,0,26,,,,JD,,,,,,,,,,,,,,,,,,,,,,,,Y
336,2016,16B,,BLUTI,,5,5,5,26,,,,NE,,,,,,,,,,,,,,,,,,,,,,,,Y
337,2016,21B,,GRETI,,6,5,4,35,,,,NE,,,,,,,,,,,,,,,,,,,,,,,,Y
338,2016,25B,,BLUTI,,10,9,0,26,,,1,JD,,,,,,,,,,,,,,,,,,,,,,,,Y
339,2016,27B,,BLUTI,,9,2,2,28,,,,NE,,,,,,,,,,,,,,,,,,,,,,,,Y
340,2016,28B,,BLUTI,,8,7,1,27,,,,NE,,,,,,,,,,,,,,,,,,,,,,,,Y
341,2016,29B,,BLUTI,,11,4,4,30,,,,NE,,,,,,,,,,,,,,,,,,,,,,,,Y
342,2016,31B,,BLUTI,,7,4,3,27,,,,NE,,,,,,,,,,,,,,,,,,,,,,,,Y
343,2016,33B,,GRETI,,5,5,5,31,,,,NE,,,,,,,,,,,,,,,,,,,,,,,,Y
344,2016,1C,,BLUTI,,8,2,0,37,,,,JD,,,,,,,,,,,,,,,,,,,,,,,,Y
345,2016,3C,,BLUTI,,10,6,6,26,,,,NE,,,,,,,,,,,,,,,,,,,,,,,,Y
346,2016,8C,,GRETI,,7,4,2,35,,,,NE,,,,,,,,,,,,,,,,,,,,,,,,Y
347,2016,12C,,GRETI,,,0,0,40,,,1,ED,,,,,,,,,,,,,,,,,,,,,,,,N
348,2016,16C,,BLUTI,,5,5,4,25,,,,NE,,,,,,,,,,,,,,,,,,,,,,,,Y
349,2016,17C,,BLUTI,,6,1,0,37,,,,JD,,,,,,,,,,,,,,,,,,,,,,,,Y
350,2016,19C,,BLUTI,,6,6,0,29,,,,JD,,,,,,,,,,,,,,,,,,,,,,,,Y
351,2016,20C,,BLUTI,,7,3,0,39,,,,JD,,,,,,,,,,,,,,,,,,,,,,,,Y
352,2016,21C,,BLUTI,,9,0,0,26,,,9,ED,,,,,,,,,,,,,,,,,,,,,,,,N
353,2016,22C,,GRETI,,5,5,4,39,,,,NE,,,,,,,,,,,,,,,,,,,,,,,,Y
354,2016,24C,,BLUTI,,10,,0,25,,,,JD,,,,,,,,,,,,,,,,,,,,,,,,Y
355,2016,1D,,GRETI,,7,7,7,19,,,,NE,,,,,,,,,,,,,,,,,,,,,,,,Y
356,2016,4D,,BLUTI,,7,7,7,26,,,,NE,,,,,,,,,,,,,,,,,,,,,,,,Y
357,2016,5D,,GRETI,,9,7,7,21,,,,NE,,,,,,,,,,,,,,,,,,,,,,,,Y
358,2016,6D,,BLUTI,,7,7,5,23,,,,NE,,,,,,,,,,,,,,,,,,,,,,,,Y
359,2016,9D,,BLUTI,,8,4,3,36,,,,NE,,,,,,,,,,,,,,,,,,,,,,,,Y
360,2016,13D,,BLUTI,,8,6,4,30,,,,NE,,,,,,,,,,,,,,,,,,,,,,,,Y
361,2016,16D,,GRETI,,7,7,7,22,,,,NE,,,,,,,,,,,,,,,,,,,,,,,,Y
362,2016,17D,,BLUTI,,9,6,0,23,,,,JD,,,,,,,,,,,,,,,,,,,,,,,,Y
363,2016,18D,,BLUTI,,9,8,8,20,,,,NE,,,,,,,,,,,,,,,,,,,,,,,,Y
364,2017,1A,,GRETI,,6,6,0,13,,,,JD,,,,,,,,,,,,,,,,,,,,,,,,Y
365,2017,4A,,BLUTI,,7,7,7,12,,,,NE,,,,,,,,,,,,,,,,,,,,,,,,Y
366,2017,7A,,BLUTI,,8,0,0,13,,,,ED,,,,,,,,,,,,,,,,,,,,,,,,N
367,2017,11A,,BLUTI,,2,2,2,19,,,,NE,,,,,,,,,,,,,,,,,,,,,,,,Y
368,2017,12A,,BLUTI,,9,9,7,10,,,,NE,,,,,,,,,,,,,,,,,,,,,,,,Y
369,2017,1B,,BLUTI,,6,6,0,20,,,,JD,,,,,,,,,,,,,,,,,,,,,,,,Y
370,2017,12B,,BLUTI,,9,9,7,13,,,,NE,,,,,,,,,,,,,,,,,,,,,,,,Y
371,2017,20B,,BLUTI,,8,8,7,11,,,,NE,,,,,,,,,,,,,,,,,,,,,,,,Y
372,2017,21B,,GRETI,,7,5,5,12,,,,NE,,,,,,,,,,,,,,,,,,,,,,,,Y
373,2017,22B,,GRETI,,6,5,3,19,,,,NE,,,,,,,,,,,,,,,,,,,,,,,,Y
374,2017,33B,,GRETI,,7,6,6,12,,,,NE,,,,,,,,,,,,,,,,,,,,,,,,Y
375,2017,36B,,BLUTI,,11,5,0,16,,,6,JD,,,,,,,,,,,,,,,,,,,,,,,,Y
376,2017,38B,,BLUTI,,7,7,6,9,,,,NE,,,,,,,,,,,,,,,,,,,,,,,,Y
377,2017,2C,,GRETI,,8,7,7,14,,,,NE,,,,,,,,,,,,,,,,,,,,,,,,Y
378,2017,8C,,BLUTI,,12,7,7,7,,,,NE,,,,,,,,,,,,,,,,,,,,,,,,Y
379,2017,14C,,BLUTI,,10,10,10,13,,,,NE,,,,,,,,,,,,,,,,,,,,,,,,Y
380,2017,16C,,GRETI,,7,7,7,20,,,,NE,,,,,,,,,,,,,,,,,,,,,,,,Y
381,2017,21C,,BLUTI,,8,8,6,11,,,,NE,,,,,,,,,,,,,,,,,,,,,,,,Y
382,2017,22C,,GRETI,,,0,0,,,,5,ED,,,,,,,,,,,,,,,,,,,,,,,,N
383,2017,23C,,BLUTI,,7,7,0,17,36,,,JD,,,,,,,,,,,,,,,,,,,,,,,,Y
384,2017,1D,,BLUTI,,11,10,9,14,,,,NE,,,,,,,,,,,,,,,,,,,,,,,,Y
385,2017,7D,,BLUTI,,7,6,5,12,,,,NE,,,,,,,,,,,,,,,,,,,,,,,,Y
386,2017,13D,,BLUTI,,,0,0,25,,,6,ED,,,,,,,,,,,,,,,,,,,,,,,,N
387,2017,15D,,BLUTI,,11,8,0,10,,,,JD,,,,,,,,,,,,,,,,,,,,,,,,Y
388,2017,16D,,GRETI,,9,9,9,16,,,,NE,,,,,,,,,,,,,,,,,,,,,,,,Y
389,2017,20D,,BLUTI,,11,9,9,8,,,,NE,,,,,,,,,,,,,,,,,,,,,,,,Y
390,2019,1A,,BLUTI,,7,6,6,16,,,,NE,,,,,,,,,,,,,,,,,,,,,,,,Y
391,2019,3A,,BLUTI,,8,8,8,17,,,,NE,,,,,,,,,,,,,,,,,,,,,,,,Y
392,2019,6A,,GRETI,,6,6,6,10,,,,NE,,,,,,,,,,,,,,,,,,,,,,,,Y
393,2019,7A,,BLUTI,,7,7,7,12,,,,NE,,,,,,,,,,,,,,,,,,,,,,,,Y
394,2019,8A,,BLUTI,,10,10,10,12,,,,NE,,,,,,,,,,,,,,,,,,,,,,,,Y
395,2019,11A,,BLUTI,,11,11,11,11,,,,NE,,,,,,,,,,,,,,,,,,,,,,,,Y
396,2019,12A,,GRETI,,8,8,8,11,,,,NE,,,,,,,,,,,,,,,,,,,,,,,,Y
397,2019,3B,,BLUTI,,10,10,10,6,,,,NE,,,,,,,,,,,,,,,,,,,,,,,,Y
398,2019,13B,,BLUTI,,12,12,12,10,,,,NE,,,,,,,,,,,,,,,,,,,,,,,,Y
399,2019,16B,,BLUTI,,8,7,7,8,,,,NE,,,,,,,,,,,,,,,,,,,,,,,,Y
400,2019,20B,,BLUTI,,10,7,7,18,,,,NE,,,,,,,,,,,,,,,,,,,,,,,,Y
401,2019,21B,,BLUTI,,11,11,0,9,,,,JD,,,,,,,,,,,,,,,,,,,,,,,,Y
402,2019,30B,,GRETI,,9,8,8,16,,,,NE,,,,,,,,,,,,,,,,,,,,,,,,Y
403,2019,32B,,BLUTI,,11,8,8,8,,,,NE,,,,,,,,,,,,,,,,,,,,,,,,Y
404,2019,33B,,BLUTI,,9,9,9,10,,,,NE,,,,,,,,,,,,,,,,,,,,,,,,Y
405,2019,34B,,BLUTI,,7,7,7,15,,,,NE,,,,,,,,,,,,,,,,,,,,,,,,Y
406,2019,36B,,BLUTI,,,0,0,,,,3,ED,,,,,,,,,,,,,,,,,,,,,,,,N
407,2019,3C,,BLUTI,,10,9,9,6,,,,NE,,,,,,,,,,,,,,,,,,,,,,,,Y
408,2019,8C,,BLUTI,,9,9,9,7,,,,NE,,,,,,,,,,,,,,,,,,,,,,,,Y
409,2019,13C,,BLUTI,,12,12,12,13,,,,NE,,,,,,,,,,,,,,,,,,,,,,,,Y
410,2019,16C,,BLUTI,,11,10,0,21,,,,JD,,,,,,,,,,,,,,,,,,,,,,,,Y
411,2019,24C,,BLUTI,,4,3,3,21,,,,NE,,,,,,,,,,,,,,,,,,,,,,,,Y
412,2019,3D,,BLUTI,,11,10,10,5,,,,NE,,,,,,,,,,,,,,,,,,,,,,,,Y
413,2019,7D,,BLUTI,,11,8,8,23,,,,NE,,,,,,,,,,,,,,,,,,,,,,,,Y
414,2019,8D,,BLUTI,,10,10,10,9,,,,NE,,,,,,,,,,,,,,,,,,,,,,,,Y
415,2019,9D,,GRETI,,8,8,6,7,,,,NE,,,,,,,,,,,,,,,,,,,,,,,,Y
416,2019,11D,,BLUTI,,9,8,8,13,,,,NE,,,,,,,,,,,,,,,,,,,,,,,,Y
417,2019,14D,,BLUTI,,8,4,0,22,,,,JP,,,,,,,,,,,,,,,,,,,,,,,,Y
418,2019,15D,,BLUTI,,11,7,7,11,,,,NE,,,,,,,,,,,,,,,,,,,,,,,,Y
419,2019,16D,,BLUTI,,14,9,9,11,,,,NE,,,,,,,,,,,,,,,,,,,,,,,,Y
420,2019,19D,,BLUTI,,9,8,8,13,,,,NE,,,,,,,,,,,,,,,,,,,,,,,,Y
421,2019,20D,,BLUTI,,11,11,0,11,,,,JD,,,,,,,,,,,,,,,,,,,,,,,,Y
422,2020,1A,,GRETI,,7,7,7,20,,,,NE,,,,,,,,,,,,,,,,,,,,,,,,Y
423,2020,3A,,BLUTI,,9,7,7,12,,,,NE,,,,,,,,,,,,,,,,,,,,,,,,Y
424,2020,7A,,BLUTI,,8,8,8,10,,,,NE,,,,,,,,,,,,,,,,,,,,,,,,Y
425,2020,8A,,BLUTI,,6,6,6,18,,,,NE,,,,,,,,,,,,,,,,,,,,,,,,Y
426,2020,12A,,GRETI,,9,9,9,9,,,,NE,,,,,,,,,,,,,,,,,,,,,,,,Y
427,2020,2B,,BLUTI,,7,7,0,10,,,,JP,,,,,,,,,,,,,,,,,,,,,,,,Y
428,2020,6B,,BLUTI,,8,8,8,10,,,,NE,,,,,,,,,,,,,,,,,,,,,,,,Y
429,2020,13B,,BLUTI,,10,10,10,11,,,,NE,,,,,,,,,,,,,,,,,,,,,,,,Y
430,2020,16B,,BLUTI,,9,9,9,15,,,,NE,,,,,,,,,,,,,,,,,,,,,,,,Y
431,2020,22B,,GRETI,,6,5,5,15,,,,NE,,,,,,,,,,,,,,,,,,,,,,,,Y
432,2020,25B,,BLUTI,,8,8,8,16,,,,NE,,,,,,,,,,,,,,,,,,,,,,,,Y
433,2020,29B,,GRETI,,7,7,7,14,,,,NE,,,,,,,,,,,,,,,,,,,,,,,,Y
434,2020,30B,,BLUTI,,,,0,,,,,XP,,,,,,,,,,,,,,,,,,,,,,,,N
435,2020,32B,,BLUTI,,6,6,0,25,,,,JP,,,,,,,,,,,,,,,,,,,,,,,,Y
436,2020,1C,,BLUTI,,11,9,9,13,,,,NE,,,,,,,,,,,,,,,,,,,,,,,,Y
437,2020,2C,,BLUTI,,11,7,7,7,,,,NE,,,,,,,,,,,,,,,,,,,,,,,,Y
438,2020,3C,,BLUTI,,7,7,7,23,,,,NE,,,,,,,,,,,,,,,,,,,,,,,,Y
439,2020,6C,,BLUTI,,6,2,2,30,,,,NE,,,,,,,,,,,,,,,,,,,,,,,,Y
440,2020,8C,,GRETI,,9,9,7,12,,,,NE,,,,,,,,,,,,,,,,,,,,,,,,Y
441,2020,13C,,BLUTI,,10,10,10,8,,,,NE,,,,,,,,,,,,,,,,,,,,,,,,Y
442,2020,14C,,BLUTI,,10,9,9,23,,,,NE,,,,,,,,,,,,,,,,,,,,,,,,Y
443,2020,15C,,BLUTI,,11,10,10,13,,,,NE,,,,,,,,,,,,,,,,,,,,,,,,Y
444,2020,21C,,BLUTI,,8,8,8,7,,,,NE,,,,,,,,,,,,,,,,,,,,,,,,Y
445,2020,23C,,BLUTI,,9,9,9,14,,,,NE,,,,,,,,,,,,,,,,,,,,,,,,Y
446,2020,24C,,GRETI,,4,2,2,26,,,,NE,,,,,,,,,,,,,,,,,,,,,,,,Y
447,2020,1D,,BLUTI,,8,8,0,24,,,,JD,,,,,,,,,,,,,,,,,,,,,,,,Y
448,2020,3D,,BLUTI,,11,11,11,7,,,,NE,,,,,,,,,,,,,,,,,,,,,,,,Y
449,2020,8D,,BLUTI,,8,8,8,16,,,,NE,,,,,,,,,,,,,,,,,,,,,,,,Y
450,2020,9D,,GRETI,,10,10,10,14,,,,NE,,,,,,,,,,,,,,,,,,,,,,,,Y
451,2020,11D,,BLUTI,,9,9,9,21,,,,NE,,,,,,,,,,,,,,,,,,,,,,,,Y
452,2020,15D,,BLUTI,,8,7,7,16,,,,NE,,,,,,,,,,,,,,,,,,,,,,,,Y
453,2020,17D,,BLUTI,,8,7,7,7,,,,NE,,,,,,,,,,,,,,,,,,,,,,,,Y
454,2020,18D,,BLUTI,,14,13,13,7,,,,NE,,,,,,,,,,,,,,,,,,,,,,,,Y
455,2020,19D,,BLUTI,,6,6,0,42,,,,JD,,,,,,,,,,,,,,,,,,,,,,,,Y
456,2020,20D,,BLUTI,,10,9,9,14,,,,NE,,,,,,,,,,,,,,,,,,,,,,,,Y
457,2021,2A,,BLUTI,,6,3,0,26,,,,JD,,,,,,,,,,,,,,,,,,,,,,,,Y
458,2021,3A,,BLUTI,,8,8,8,24,,,,NE,,,,,,,,,,,,,,,,,,,,,,,,Y
459,2021,7A,,BLUTI,,9,8,8,24,,,,NE,,,,,,,,,,,,,,,,,,,,,,,,Y
460,2021,8A,,BLUTI,,8,5,5,19,,,,NE,,,,,,,,,,,,,,,,,,,,,,,,Y
461,2021,12A,,BLUTI,,12,10,10,21,,,,NE,,,,,,,,,,,,,,,,,,,,,,,,Y
462,2021,1B,,BLUTI,,9,9,9,20,,,,NE,,,,,,,,,,,,,,,,,,,,,,,,Y
463,2021,5B,,BLUTI,,9,9,9,20,,,,NE,,,,,,,,,,,,,,,,,,,,,,,,Y
464,2021,13B,,BLUTI,,9,5,5,27,,,,NE,,,,,,,,,,,,,,,,,,,,,,,,Y
465,2021,15B,,BLUTI,,8,8,6,21,,,,NE,,,,,,,,,,,,,,,,,,,,,,,,Y
466,2021,21B,,BLUTI,,8,6,6,27,,,,NE,,,,,,,,,,,,,,,,,,,,,,,,Y
467,2021,22B,,GRETI,,8,8,8,21,,,,NE,,,,,,,,,,,,,,,,,,,,,,,,Y
468,2021,25B,,BLUTI,,8,7,5,21,,,,NE,,,,,,,,,,,,,,,,,,,,,,,,Y
469,2021,27B,,BLUTI,,9,9,9,20,,,,NE,,,,,,,,,,,,,,,,,,,,,,,,Y
470,2021,29B,,GRETI,,9,4,0,15,,,5,JD,,,,,,,,,,,,,,,,,,,,,,,,Y
471,2021,31B,,BLUTI,,8,7,0,20,,,1,JD,,,,,,,,,,,,,,,,,,,,,,,,Y
472,2021,33B,,BLUTI,,6,6,6,39,,,,NE,,,,,,,,,,,,,,,,,,,,,,,,Y
473,2021,34B,,BLUTI,,10,0,0,,,,,ED,,,,,,,,,,,,,,,,,,,,,,,,N
474,2021,36B,,BLUTI,,12,12,10,20,,,,NE,,,,,,,,,,,,,,,,,,,,,,,,Y
475,2021,38B,,BLUTI,,12,3,3,17,,,,NE,,,,,,,,,,,,,,,,,,,,,,,,Y
476,2021,3C,,BLUTI,,8,1,1,24,,,,NE,,,,,,,,,,,,,,,,,,,,,,,,Y
477,2021,8C,,GRETI,,8,8,8,21,,,,NE,,,,,,,,,,,,,,,,,,,,,,,,Y
478,2021,9C,,BLUTI,,11,0,0,22,,,11,ED,,,,,,,,,,,,,,,,,,,,,,,,N
479,2021,13C,,BLUTI,,10,10,10,20,,,,NE,,,,,,,,,,,,,,,,,,,,,,,,Y
480,2021,14C,,BLUTI,,11,9,9,19,,,,NE,,,,,,,,,,,,,,,,,,,,,,,,Y
481,2021,17C,,BLUTI,,11,0,0,,,,11,ED,,,,,,,,,,,,,,,,,,,,,,,,N
482,2021,21C,,BLUTI,,10,6,6,23,,,,NE,,,,,,,,,,,,,,,,,,,,,,,,Y
483,2021,22C,,BLUTI,,8,8,8,27,,,,NE,,,,,,,,,,,,,,,,,,,,,,,,Y
484,2021,23C,,BLUTI,,6,5,5,37,,,,NE,,,,,,,,,,,,,,,,,,,,,,,,Y
485,2021,24C,,BLUTI,,,2,0,27,,,,JD,,,,,,,,,,,,,,,,,,,,,,,,Y
486,2021,3D,,BLUTI,,10,5,0,22,,,1,JP,,,,,,,,,,,,,,,,,,,,,,,,Y
487,2021,7D,,BLUTI,,11,8,8,19,,,,NE,,,,,,,,,,,,,,,,,,,,,,,,Y
488,2021,8D,,BLUTI,,7,7,7,23,,,,NE,,,,,,,,,,,,,,,,,,,,,,,,Y
489,2021,9D,,BLUTI,,9,9,9,18,,,,NE,,,,,,,,,,,,,,,,,,,,,,,,Y
490,2021,14D,,BLUTI,,7,6,6,17,,,,NE,,,,,,,,,,,,,,,,,,,,,,,,Y
491,2021,17D,,BLUTI,,9,9,0,45,,,,JD,,,,,,,,,,,,,,,,,,,,,,,,Y
492,2021,18D,,BLUTI,,10,10,10,20,,,,NE,,,,,,,,,,,,,,,,,,,,,,,,Y
493,2021,20D,,BLUTI,,9,0,0,26,,,,ED,,,,,,,,,,,,,,,,,,,,,,,,N
494,2021,20D,,BLUTI,,6,3,3,42,,,,NE,,,,,,,,,,,,,,,,,,,,,,,,Y
495,2022,1A,,GRETI,,5,5,5,16,,,,NE,,,,,,,,,,,,,,,,,,,,,,,,Y
496,2022,2A,,GRETI,,8,8,7,11,,,,NE,,,,,,,,,,,,,,,,,,,,,,,,Y
497,2022,6A,,BLUTI,,9,6,0,25,,,,JD,,,,,,,,,,,,,,,,,,,,,,,,Y
498,2022,7A,,BLUTI,,7,0,0,32,,,7,ED,,,,,,,,,,,,,,,,,,,,,,,,N
499,2022,11A,,BLUTI,,8,8,8,12,,,,NE,,,,,,,,,,,,,,,,,,,,,,,,Y
500,2022,12A,,GRETI,,6,6,6,24,,,,NE,,,,,,,,,,,,,,,,,,,,,,,,Y
501,2022,4B,,BLUTI,,7,7,5,25,43,,,NE,,,,,,,,,,,,,,,,,,,,,,,,Y
502,2022,7B,,BLUTI,,7,7,6,19,,,,NE,,,,,,,,,,,,,,,,,,,,,,,,Y
503,2022,10B,,BLUTI,,5,3,0,26,,,,JD,,,,,,,,,,,,,,,,,,,,,,,,Y
504,2022,12B,,BLUTI,,8,8,6,14,,,,NE,,,,,,,,,,,,,,,,,,,,,,,,Y
505,2022,14B,,BLUTI,,4,4,1,27,,,,NE,,,,,,,,,,,,,,,,,,,,,,,,Y
506,2022,15B,,BLUTI,,3,3,0,26,,,,JD,,,,,,,,,,,,,,,,,,,,,,,,Y
507,2022,17B,,BLUTI,,6,6,5,15,,,,NE,,,,,,,,,,,,,,,,,,,,,,,,Y
508,2022,20B,,GRETI,,6,6,6,15,,,,NE,,,,,,,,,,,,,,,,,,,,,,,,Y
509,2022,22B,,GRETI,,6,6,6,18,,,,NE,,,,,,,,,,,,,,,,,,,,,,,,Y
510,2022,24B,,GRETI,,5,5,0,26,,,,JD,,,,,,,,,,,,,,,,,,,,,,,,Y
511,2022,25B,,BLUTI,,8,8,8,13,,,,NE,,,,,,,,,,,,,,,,,,,,,,,,y
512,2022,26B,,BLUTI,,9,8,0,16,,,1,JD,,,,,,,,,,,,,,,,,,,,,,,,Y
513,2022,29B,,BLUTI,,8,6,6,16,,,,NE,,,,,,,,,,,,,,,,,,,,,,,,Y
514,2022,32B,,BLUTI,,4,4,4,27,,,,NE,,,,,,,,,,,,,,,,,,,,,,,,Y
515,2022,38B,,BLUTI,,13,12,11,-3,,,,NE,,,,,,,,,,,,,,,,,,,,,,,,Y
516,2022,1C,,BLUTI,,9,9,8,12,,,,NE,,,,,,,,,,,,,,,,,,,,,,,,Y
517,2022,2C,,BLUTI,,13,0,0,15,,,13,ED,,,,,,,,,,,,,,,,,,,,,,,,N
518,2022,3C,,BLUTI,,6,6,6,25,,,,NE,,,,,,,,,,,,,,,,,,,,,,,,Y
519,2022,9C,,BLUTI,,6,6,5,22,,,,NE,,,,,,,,,,,,,,,,,,,,,,,,Y
520,2022,13C,,BLUTI,,8,8,8,14,,,,NE,,,,,,,,,,,,,,,,,,,,,,,,Y
521,2022,14C,,BLUTI,,9,9,9,13,,,,NE,,,,,,,,,,,,,,,,,,,,,,,,Y
522,2022,16C,,GRETI,1,7,7,7,5,,,,NE,,,,,,,,,,,,,,,,,,,,,,,,Y
523,2022,16C,,GRETI,2,,,6,,,6,,NE,,,,,,,,,,,,,,,,,,,,,,,,Y
524,2022,17C,,BLUTI,,10,9,8,14,,,,NE,,,,,,,,,,,,,,,,,,,,,,,,Y
525,2022,19C,,BLUTI,,12,9,8,16,,,,NE,,,,,,,,,,,,,,,,,,,,,,,,Y
526,2022,21C,,BLUTI,,8,5,2,31,,,,NE,,,,,,,,,,,,,,,,,,,,,,,,Y
527,2022,22C,,GRETI,,10,6,5,14,,,,NE,,,,,,,,,,,,,,,,,,,,,,,,Y
528,2022,23C,,BLUTI,,7,7,7,17,,,,NE,,,,,,,,,,,,,,,,,,,,,,,,Y
529,2022,3D,,BLUTI,,9,8,6,12,,,,NE,,,,,,,,,,,,,,,,,,,,,,,,Y
530,2022,9D,,BLUTI,,9,9,8,15,,,,NE,,,,,,,,,,,,,,,,,,,,,,,,Y
531,2022,11D,,BLUTI,,11,10,10,8,,,,NE,,,,,,,,,,,,,,,,,,,,,,,,Y
532,2022,15D,,BLUTI,,12,12,12,10,,,,NE,,,,,,,,,,,,,,,,,,,,,,,,Y
533,2022,16D,,BLUTI,,9,8,8,10,,,,NE,,,,,,,,,,,,,,,,,,,,,,,,Y
534,2022,17D,,BLUTI,,5,5,4,29,,,,NE,,,,,,,,,,,,,,,,,,,,,,,,Y
535,2022,20D,,BLUTI,,11,10,9,7,,,,NE,,,,,,,,,,,,,,,,,,,,,,,,Y
536,2023,1A,,GRETI,,6,6,6,33,,,,NE,,,,,,,,,,,,,,,,,,,,,,,,Y
537,2023,5A,,BLUTI,,8,0,0,27,,,8,ED,,,,,,,,,,,,,,,,,,,,,,,,N
538,2023,12A,,BLUTI,,10,9,6,21,,,,NE,,,,,,,,,,,,,,,,,,,,,,,,Y
539,2023,1B,,BLUTI,,7,0,0,24,,,7,ED,,,,,,,,,,,,,,,,,,,,,,,,N
540,2023,3B,,BLUTI,,7,7,6,28,,,,NE,,,,,,,,,,,,,,,,,,,,,,,,Y
541,2023,5B,,BLUTI,,10,10,4,23,,,,NE,,,,,,,,,,,,,,,,,,,,,,,,Y
542,2023,9B,,BLUTI,,8,6,6,26,,,,NE,,,,,,,,,,,,,,,,,,,,,,,,Y
543,2023,16B,,BLUTI,,7,5,4,24,,,,NE,,,,,,,,,,,,,,,,,,,,,,,,Y
544,2023,18B,,BLUTI,,5,2,2,35,,,,NE,,,,,,,,,,,,,,,,,,,,,,,,Y
545,2023,22B,,BLUTI,,9,9,7,29,,,,NE,,,,,,,,,,,,,,,,,,,,,,,,Y
546,2023,26B,,BLUTI,,8,8,7,22,,,,NE,,,,,,,,,,,,,,,,,,,,,,,,Y
547,2023,28B,,BLUTI,,13,13,10,23,,,,NE,,,,,,,,,,,,,,,,,,,,,,,,Y
548,2023,32B,,BLUTI,,8,8,0,24,,,,JD,,,,,,,,,,,,,,,,,,,,,,,,Y
549,2023,37B,,BLUTI,,10,8,0,26,,,,JD,,,,,,,,,,,,,,,,,,,,,,,,Y
550,2023,38B,,BLUTI,,9,9,9,21,,,,NE,,,,,,,,,,,,,,,,,,,,,,,,Y
551,2023,1C,,BLUTI,,11,0,0,19,,,11,ED,,,,,,,,,,,,,,,,,,,,,,,,N
552,2023,2C,,BLUTI,,11,11,10,17,,,,NE,,,,,,,,,,,,,,,,,,,,,,,,Y
553,2023,6C,,BLUTI,,8,8,7,26,,,,NE,,,,,,,,,,,,,,,,,,,,,,,,Y
554,2023,9C,,BLUTI,,7,0,0,31,,,,ED,,,,,,,,,,,,,,,,,,,,,,,,N
555,2023,17C,,BLUTI,,,0,0,29,,,2,ED,,,,,,,,,,,,,,,,,,,,,,,,N
556,2023,20C,,BLUTI,,10,10,9,24,,,,NE,,,,,,,,,,,,,,,,,,,,,,,,Y
557,2023,23C,,BLUTI,,8,7,6,28,,,,NE,,,,,,,,,,,,,,,,,,,,,,,,Y
558,2023,24C,,BLUTI,,3,0,0,27,,,3,ED,,,,,,,,,,,,,,,,,,,,,,,,N
559,2023,1D,,BLUTI,,11,10,10,24,,,,NE,,,,,,,,,,,,,,,,,,,,,,,,Y
560,2023,2D,,BLUTI,,6,6,5,32,,,,NE,,,,,,,,,,,,,,,,,,,,,,,,Y
561,2023,4D,,BLUTI,,8,8,6,22,,,,NE,,,,,,,,,,,,,,,,,,,,,,,,Y
562,2023,16D,,BLUTI,,11,0,0,22,,,11,ED,,,,,,,,,,,,,,,,,,,,,,,,N
563,2023,17D,,BLUTI,,10,9,8,29,,,,NE,,,,,,,,,,,,,,,,,,,,,,,,Y
564,2023,18D,,BLUTI,,12,12,12,15,,,,NE,,,,,,,,,,,,,,,,,,,,,,,,Y
565,2023,21D,,BLUTI,,6,6,6,26,,,,NE,,,,,,,,,,,,,,,,,,,,,,,,Y
566,2023,22D,,BLUTI,,9,8,8,23,,,1,NE,,,,,,,,,,,,,,,,,,,,,,,,Y
567,2023,24D,,BLUTI,,7,7,6,24,,,,NE,,,,,,,,,,,,,,,,,,,,,,,,Y
