BroodID,Year,Box,Popn,Species,CltCd,CltSize,Hatch,Fledged,DFE,DH,UnHatch,Outcome,EggHatch,EggFailDate,ChickFailDate
1,2018,B25,SLINDON,BLUTI,1,7,0,0,25,,7,ED,no,,
2,2018,B25,SLINDON,BLUTI,1,8,4,4,38,,,NE,yes,,
3,2018,M2,SLINDON,BLUTI,1,10,8,7,21,,,NE,yes,,
4,2018,M5,SLINDON,BLUTI,1,12,2,2,19,,,NE,yes,,
5,2018,M6,SLINDON,BLUTI,1,11,11,11,24,46,,NE,yes,,
6,2018,M8,SLINDON,BLUTI,1,9,9,9,25,,,NE,yes,,
7,2018,M12,SLINDON,BLUTI,1,7,6,5,24,,,NE,yes,,
8,2018,M15,SLINDON,BLUTI,1,10,10,10,23,,,NE,yes,,
9,2018,M17,SLINDON,BLUTI,1,7,5,5,24,,,NE,yes,,
10,2018,M18,SLINDON,BLUTI,1,9,,4,30,,,NE,yes,,
11,2018,M19,SLINDON,BLUTI,1,11,4,3,23,,,NE,yes,,
12,2018,M24,SLINDON,BLUTI,1,4,4,4,37,,,NE,yes,,
13,2018,M7,SLINDON,MARTI,1,8,8,7,19,,,NE,yes,,
14,2018,M9,SLINDON,MARTI,1,7,7,7,18,,,NE,yes,,
15,2019,B1,SLINDON,BLUTI,1,9,7,4,23,44,,NE,yes,,
16,2019,B2,SLINDON,BLUTI,1,6,5,5,27,45,,NE,yes,,
17,2019,B8,SLINDON,BLUTI,1,12,10,0,22,45,,JD,yes,,
18,2019,B23,SLINDON,BLUTI,1,10,2,0,23,,,JD,yes,,57
19,2019,B24,SLINDON,BLUTI,1,9,9,4,20,,,NE,yes,,
20,2019,B25,SLINDON,BLUTI,1,8,7,3,23,,,NE,yes,,
21,2019,M2,SLINDON,BLUTI,1,6,6,6,22,,,NE,yes,,
22,2019,M5,SLINDON,BLUTI,1,12,2,2,11,,,NE,yes,,
23,2019,M7,SLINDON,BLUTI,1,9,8,7,9,,,NE,yes,,
24,2019,M8,SLINDON,BLUTI,1,9,,4,19,,,NE,yes,,
25,2019,M9,SLINDON,BLUTI,1,10,9,0,20,,,JD,yes,,57
26,2019,M10,SLINDON,BLUTI,1,8,8,7,30,,,NE,yes,,
27,2019,M12,SLINDON,BLUTI,1,8,8,0,22,,,JD,yes,,57
28,2019,M13,SLINDON,BLUTI,1,8,0,0,21,34,8,ED,no,,
29,2019,M14,SLINDON,BLUTI,1,11,10,9,9,,,NE,yes,,
30,2019,M15,SLINDON,BLUTI,1,8,7,5,19,,,NE,yes,,
31,2019,M17,SLINDON,BLUTI,1,9,8,8,27,46,,NE,yes,,
32,2019,M18,SLINDON,BLUTI,1,7,6,6,17,,,NE,yes,,
33,2019,M20,SLINDON,BLUTI,1,3,3,3,29,,,NE,yes,,
34,2019,M21,SLINDON,BLUTI,1,11,11,0,18,,,JD,yes,,
35,2019,M22,SLINDON,BLUTI,1,8,8,0,20,,,JD,yes,,
36,2019,M23,SLINDON,BLUTI,1,10,3,3,11,,,NE,yes,,
37,2019,M24,SLINDON,BLUTI,1,10,10,10,15,,,NE,yes,,
38,2019,M25,SLINDON,BLUTI,1,12,12,12,4,,,NE,yes,,
39,2019,B6,SLINDON,GRETI,1,7,6,5,34,52,,NE,yes,,
40,2019,B22,SLINDON,GRETI,1,4,0,0,37,52,4,ED,no,,
41,2019,M6,SLINDON,GRETI,1,7,7,5,11,,,NE,yes,,
42,2019,M19,SLINDON,GRETI,1,9,7,7,25,46,,NE,yes,,
43,2019,B12,SLINDON,MARTI,1,8,8,8,19,,,NE,yes,,
44,2019,B18,SLINDON,MARTI,1,6,6,6,19,,,NE,yes,,
45,2019,M3,SLINDON,MARTI,1,8,7,7,14,,,NE,yes,,
46,2019,M11,SLINDON,MARTI,1,9,9,8,3,,,NE,yes,,
47,2020,B1,SLINDON,BLUTI,1,8,0,0,21,,8,ED,no,56,
48,2020,B12,SLINDON,BLUTI,1,9,8,5,17,,,NE,yes,,
49,2020,B24,SLINDON,BLUTI,1,6,6,2,29,,,NE,yes,,
50,2020,M1,SLINDON,BLUTI,1,9,7,1,16,,,NE,yes,,
51,2020,M4,SLINDON,BLUTI,1,10,0,0,14,,10,ED,no,,
52,2020,M6,SLINDON,BLUTI,1,10,10,6,15,,,NE,yes,,
53,2020,M9,SLINDON,BLUTI,1,11,10,4,17,,,NE,yes,,
54,2020,M11,SLINDON,BLUTI,1,10,8,1,19,,,NE,yes,,
55,2020,M12,SLINDON,BLUTI,1,8,8,8,9,,,NE,yes,,
56,2020,M15,SLINDON,BLUTI,1,6,6,3,25,,,NE,yes,,
57,2020,M16,SLINDON,BLUTI,1,9,8,6,14,,,NE,yes,,
58,2020,M17,SLINDON,BLUTI,1,7,4,0,32,,,JD,yes,,
59,2020,M18,SLINDON,BLUTI,1,8,7,3,15,,,NE,yes,,
60,2020,M20,SLINDON,BLUTI,1,10,9,3,13,,,NE,yes,,
61,2020,M23,SLINDON,BLUTI,1,8,7,0,24,,,JD,yes,,
62,2020,M25,SLINDON,BLUTI,1,9,6,3,20,,,NE,yes,,
63,2020,B6,SLINDON,GRETI,1,7,7,3,20,,,NE,yes,,
64,2020,M21,SLINDON,GRETI,1,8,4,3,24,,,NE,yes,,
65,2020,B18,SLINDON,MARTI,1,9,9,9,14,,,NE,yes,,
66,2020,M7,SLINDON,MARTI,1,9,,6,9,,,NE,yes,,
67,2020,M14,SLINDON,NUTHA,1,5,4,2,26,,,NE,yes,,
68,2021,B1,SLINDON,BLUTI,1,9,9,8,29,,,NE,yes,,
69,2021,B21,SLINDON,BLUTI,1,9,7,7,19,,,NE,yes,,
70,2021,B23,SLINDON,BLUTI,1,12,12,10,22,,,NE,yes,,
71,2021,M3,SLINDON,BLUTI,1,8,7,7,12,,,NE,yes,,
72,2021,M4,SLINDON,BLUTI,1,10,,4,22,,,NE,yes,,
73,2021,M5,SLINDON,BLUTI,1,9,,8,20,,,NE,yes,,
74,2021,M10,SLINDON,BLUTI,1,10,0,0,23,,10,ED,no,,
75,2021,M10,SLINDON,BLUTI,1,8,8,8,38,,,NE,yes,,
76,2021,M13,SLINDON,BLUTI,1,12,12,9,10,,,NE,yes,,
77,2021,M14,SLINDON,BLUTI,1,7,,4,34,55,,NE,yes,,
78,2021,M16,SLINDON,BLUTI,1,13,0,0,12,,13,ED,no,,
79,2021,M22,SLINDON,BLUTI,1,11,11,10,18,,,NE,yes,,
80,2021,M24,SLINDON,BLUTI,1,9,6,4,30,,,NE,yes,,
81,2021,B10,SLINDON,GRETI,1,9,9,9,23,,,NE,yes,,
82,2021,B14,SLINDON,GRETI,1,8,7,6,34,,,NE,yes,,
83,2021,M8,SLINDON,GRETI,1,6,6,6,22,,,NE,yes,,
84,2021,B18,SLINDON,MARTI,1,9,9,9,18,,,NE,yes,,
85,2021,M7,SLINDON,MARTI,1,8,7,7,13,,,NE,yes,,
86,2021,M11,SLINDON,MARTI,1,8,8,8,16,,,NE,yes,,
87,2022,M2,SLINDON,BLUTI,1,7,7,5,20,,,NE,yes,,
88,2022,M3,SLINDON,BLUTI,1,6,6,0,20,,,JD,yes,,54
89,2022,M5,SLINDON,BLUTI,1,6,6,0,23,38,,JD,yes,,54
90,2022,M6,SLINDON,BLUTI,1,8,8,8,18,,,NE,yes,,
91,2022,M8,SLINDON,BLUTI,1,10,9,5,20,,,NE,yes,,
92,2022,M12,SLINDON,BLUTI,1,9,9,0,18,,,JD,yes,,51
93,2022,M13,SLINDON,BLUTI,1,9,8,3,16,,,NE,yes,,
94,2022,M14,SLINDON,BLUTI,1,7,5,0,23,,,JD,yes,,57
95,2022,M17,SLINDON,BLUTI,1,11,3,0,18,39,,JD,yes,,54
96,2022,M19,SLINDON,GRETI,1,9,7,4,25,,,NE,yes,,
97,2022,M22,SLINDON,BLUTI,1,6,6,5,25,,,NE,yes,,
98,2022,M23,SLINDON,BLUTI,1,,0,0,,,,ED,yes,,
99,2022,M24,SLINDON,BLUTI,1,4,3,2,29,,,NE,yes,,
100,2022,M25,SLINDON,BLUTI,1,11,11,11,11,,,NE,yes,,
101,2022,B19,SLINDON,BLUTI,1,10,9,8,19,,,NE,yes,,
102,2022,B23,SLINDON,BLUTI,1,2,0,0,28,,,ED,yes,,
103,2022,B25,SLINDON,BLUTI,1,7,5,5,26,,,NE,yes,,
104,2022,M9,SLINDON,GRETI,1,6,6,6,18,,,NE,yes,,
105,2022,M15,SLINDON,GRETI,1,5,4,4,21,,,NE,yes,,
106,2022,M21,SLINDON,GRETI,1,9,,3,23,,,NE,yes,,
107,2022,B4,SLINDON,GRETI,1,,,3,27,,,NE,yes,,
108,2022,B9,SLINDON,GRETI,1,8,0,0,25,,,ED,yes,,
109,2022,B10,SLINDON,GRETI,1,9,9,6,22,,,NE,yes,,
110,2022,B12,SLINDON,GRETI,1,9,9,9,22,,,NE,yes,,
111,2022,B22,SLINDON,GRETI,1,6,6,6,27,,,NE,yes,,
112,2022,M7,SLINDON,MARTI,1,8,7,7,11,,,NE,yes,,
113,2022,M11,SLINDON,MARTI,1,8,7,7,13,,,NE,yes,,
114,2022,B18,SLINDON,MARTI,1,8,8,8,19,,,NE,yes,,
115,2022,B24,SLINDON,MARTI,1,9,8,8,28,,,NE,yes,,
116,2023,M2,SLINDON,BLUTI,1,11,9,9,25,,,NE,yes,,
117,2023,M3,SLINDON,BLUTI,1,10,10,10,17,,,NE,yes,,
118,2023,M5,SLINDON,BLUTI,1,10,10,10,20,,,NE,yes,,
119,2023,M6,SLINDON,BLUTI,1,10,8,8,20,,,NE,yes,,
120,2023,M8,SLINDON,BLUTI,1,12,12,7,23,,,NE,yes,,
121,2023,M9,SLINDON,BLUTI,1,8,0,0,36,,,ED,no,52,
122,2023,M12,SLINDON,BLUTI,1,10,10,8,33,,,NE,yes,,
123,2023,M14,SLINDON,BLUTI,1,10,10,9,24,,,NE,yes,,
124,2023,M15,SLINDON,BLUTI,1,3,0,0,15,,,ED,no,22,
125,2023,M17,SLINDON,BLUTI,1,7,5,0,19,,,JD,yes,,42
126,2023,M25,SLINDON,BLUTI,1,7,,,36,,,OU, ,,
127,2023,M19,SLINDON,GRETI,1,8,8,2,28,,,NE,yes,,
128,2023,M24,SLINDON,GRETI,1,8,6,6,31,,,NE,yes,,
129,2023,M7,SLINDON,MARTI,1,9,9,9,16,,,NE,yes,,
130,2023,M23,SLINDON,MARTI,1,7,7,7,22,,,NE,yes,,
131,2023,B5,SLINDON,BLUTI,1,10,10,10,27,,,NE,yes,,
132,2023,B21,SLINDON,BLUTI,1,7,6,6,33,,,NE,yes,,
133,2023,B6,SLINDON,GRETI,1,5,5,5,27,,,NE,yes,,
134,2023,B10,SLINDON,GRETI,1,10,9,9,23,,,NE,yes,,
135,2023,B11,SLINDON,GRETI,1,9,8,8,27,,,NE,yes,,
136,2023,B14,SLINDON,GRETI,1,7,7,7,33,,,NE,yes,,
137,2023,B22,SLINDON,GRETI,1,8,8,8,28,,,NE,yes,,
138,2023,B18,SLINDON,MARTI,1,7,6,6,27,,,NE,yes,,
